API_MemberId,API_MemberReference,API_Domicile,API_Party_Id,API_CrmIdentifier,API_OrganisationName,API_Salutation,API_FirstName,API_MiddleName,API_LastName,API_Name,API_SearchName,API_EmailAddress,API_Telephone,API_Fax,API_AddressID,API_AddressName,API_Line1,API_Line2,API_Line3,API_City,API_StateOrProvince,API_Country,API_Postcode
44905,73329,DZA,112674,540d228f-f0cf-4f16-a478-95d6ee9156f7,Rohit Singh,null,null,null,null,Rohit Singh,Rohit Singh,null,null,null,113089,Test1,null,null,null,sydn,null,AUSTRALIA,null
44904,73328,CHL,112673,cead2b70-7a02-4a4c-bb55-058203b848e0,Test3Member Variation1,null,null,null,null,Test3Member Variation1,Test3Member Variation1,null,null,null,113088,Test3Member Created AddName,Test3Member Created L1,Test3Member Created L2,null,Birmingham,Alabama,UNITED STATES OF AMERICA,54734
44903,73327,LCA,112672,6a2dec72-100c-4ffb-a57c-6d1d3f6b5e4f,Test2Member Altered,null,null,null,null,Test2Member Altered,Test2Member Altered,null,null,null,113087,Test2Member Created AddName,Test2Member Created L1,Test2Member Created L2,null,Birmingham,Alabama,UNITED STATES OF AMERICA,345443
44902,73326,URY,112671,2cc631cd-630c-4184-89bb-e8fc62caa581,Test1Member Updated,null,null,null,null,Test1Member Updated,Test1Member Updated,null,null,null,113086,Test1Member Created AddName,Test1Member Created L1,Test1Member Created L2,null,Birmingham,Alabama,UNITED STATES OF AMERICA,35342
44901,73325,USA,112668,32c9a59e-ccd5-4128-bc64-32f7556ee12a,Member for PartyCheck,null,null,null,null,Member for PartyCheck,Member for PartyCheck,null,null,null,113083,Member for PartyCheck AddName,Member for PartyCheck L1,Member for PartyCheck L2,null,Birmingham,Alabama,UNITED STATES OF AMERICA,866878
44900,73324,USA,112665,ed5bd587-8c9f-48b4-b67b-0ba96914a6f9,Member For1044636,null,null,null,null,Member For1044636,Member For1044636,null,null,null,113080,Member For1044636 add name,Member For1044636 l1,Member For1044636 l2,null,birmingham,alabama,UNITED STATES OF AMERICA,87689
44899,73323,USA,112662,cd47bc76-1925-4344-b373-01000d5fdef5,Member For1044635,null,null,null,null,Member For1044635,Member For1044635,null,null,null,113077,Member For1044635 add name,Member For1044635 l1,Member For1044635 l2,null,Birmingham,Alabama,UNITED STATES OF AMERICA,8787
44898,73322,USA,112659,e2970bf6-306b-4fb2-994e-5703c5f4c045,Member For1044634,null,null,null,null,Member For1044634,Member For1044634,null,null,null,113074,Member For1044634 add name,Member For1044634 l1,Member For1044634 l2,null,Birmingham,Alabama,UNITED STATES OF AMERICA,b37 7hg
44897,73321,USA,112656,7bb66bea-e484-425f-93e0-cd85f75e7e80,Member For1044633,null,null,null,null,Member For1044633,Member For1044633,null,null,null,113071,Member For1044633 Add Name,Member For1044633 L1,Member For1044633 L2,null,Birmingham,Alabama,UNITED STATES OF AMERICA,75778
44896,73320,USA,112655,d2699843-2a67-4e29-984c-1db4d429497a,NewMember For1044632,null,null,null,null,NewMember For1044632,NewMember For1044632,null,null,null,113070,NewMember For1044632 Add Name,NewMember For1044632 L1,NewMember For1044632 L2,null,Birmingham,Alabama,UNITED STATES OF AMERICA,632743
44895,73319,URY,112654,fd951e27-7e32-4a5b-8e56-78b4ea459007,RevisedMember Name1044630,null,null,null,null,RevisedMember Name1044630,RevisedMember Name1044630,null,null,null,113069,StartMember Name1044630 AddName,StartMember Name1044630 L1,StartMember Name1044630 L2,null,Birmingham,Alabama,UNITED STATES OF AMERICA,2134342
44894,73318,GBR,112652,6e0367f3-6d15-4687-94c3-d7771e456bcc,Updated Member Name,null,null,null,null,Updated Member Name,Updated Member Name,null,null,null,113067,Member ForMTARenewals AddName,Member ForMTARenewals L1,Member ForMTARenewals L2,null,Birmingham,null,UNITED KINGDOM,B37 7HG
44893,73317,GBR,112649,3bad2ff4-2870-441b-b986-6242c959e930,MemberFor RenewalOne,null,null,null,null,MemberFor RenewalOne,MemberFor RenewalOne,null,null,null,113064,MemberFor RenewalOne AddName,MemberFor RenewalOne L1,MemberFor RenewalOne L2,null,Birmingham,null,UNITED KINGDOM,B37 7HG
44892,73316,GBR,112645,5271874f-2ccc-41b0-b735-deb5f7e5e4de,Member For1044616 ,null,null,null,null,Member For1044616 ,Member For1044616 ,null,null,null,113060,Member For1044616  AddName,Member For1044616 L1,Member For1044616 L2,null,Birmingham,null,UNITED KINGDOM,B37 7HG
44891,73315,GBR,112644,d270456e-3b1f-4736-8900-838bab8e7a6c,Member For1044615,null,null,null,null,Member For1044615,Member For1044615,a.o.com,+44558855226,+44552211885,113059,Member For1044615AddName,Member For1044615 L1`,Member For1044615 L2,null,Birmingham,null,UNITED KINGDOM,B37 7HG
44890,73314,GBR,112642,e1162e2b-5634-4ee4-bbcf-5dd5b79329b6,Member For1044614,null,null,null,null,Member For1044614,Member For1044614,null,null,null,113057,Member For1044614 AddName,Member For1044614 L1,Member For1044614 L2,null,Birmingham,null,UNITED KINGDOM,B37 7HG
44889,73313,GBR,112640,810fbfeb-bf0d-4c04-9351-e768c52ee5a0,Member For1044613,null,null,null,null,Member For1044613,Member For1044613,null,null,null,113055,Member For1044613 AddName,Member For1044613 L1,Member For1044613 L2,null,Birminham,null,UNITED KINGDOM,B37 7HG
44888,73312,GBR,112634,e99df00e-315b-4554-909a-233673a06432,Member For155071,null,null,null,null,Member For155071,Member For155071,null,null,null,113049,Member For155071 AddName,Member For155071 L1,Member For155071 L2,null,BHAM,null,UNITED KINGDOM,B37 7HG
44887,73311,AFG,112632,dd5458c0-a762-4655-98bf-c29866fb8b02,PaulsNewMember,null,null,null,null,PaulsNewMember,PaulsNewMember,null,null,null,113047,3,null,null,null,a place,null,AFGHANISTAN,null
44886,73310,AFG,112630,0264486d-1cbe-4d7e-978f-65fe276542cb,Paul Productions,null,null,null,null,Paul Productions,Paul Productions,null,087843875785474539,null,113045,23 Rainbow Drive,Somewhere,over the,Rainbow,Noah City,Noah State,ISRAEL,NH
44885,73309,AFG,112629,9cb6267d-53a5-4a8b-a70b-73df34761f90,bob,null,null,null,null,bob,bob,null,null,null,113044,23,null,null,null,Birmingham,null,ALGERIA,null
44884,73308,USA,112626,05d73f48-fc40-40c3-9606-fb0464eb4d0a,FirstUpdate Member,null,null,null,null,FirstUpdate Member,FirstUpdate Member,null,null,null,113041,OriginalName Member Add Name,OriginalName Member L1,OriginalName Member L2,null,Birmingham,Alabama,UNITED STATES OF AMERICA,565464
44883,73307,USA,112623,ba8569c0-f2c7-4704-99f0-49054c51ccf2,NewMember For155070,null,null,null,null,NewMember For155070,NewMember For155070,null,null,null,113038,NewMember For155070 Add Name,NewMember For155070 L1,NewMember For155070 L2,null,Bham,Alabama,UNITED STATES OF AMERICA,324554
44882,73306,GBR,112622,620d0b0d-ed19-43f6-8141-5dacd4307c5f,NewMember ForAPI,null,null,null,null,NewMember ForAPI,NewMember ForAPI,null,null,null,113037,NewMember ForAPI AddName,NewMember ForAPI L1,NewMember ForAPI L2,null,BHAM,null,UNITED KINGDOM,B37 7HG
44881,73305,GBR,112620,d1782c2f-4877-4c8e-b317-17e15aa48079,New MemberFINAL,null,null,null,null,New MemberFINAL,New MemberFINAL,null,null,null,113035,New MemberWORK Add Name,New MemberWORK L1,New MemberWORK L2,null,BHAM,null,UNITED KINGDOM,B37 7HG
44880,73304,GBR,112618,02f16ff0-9987-4b6e-84ce-5e022cd3bd29,New4 Safety,null,null,null,null,New4 Safety,New4 Safety,null,null,null,113033,New4 Safety Add Name,New4 Safety L1,New4 Safety L2,null,BHAM,null,UNITED KINGDOM,B37 7HG
44879,73303,IND,112616,5d880f95-44fe-461e-bc1f-abb80ad6e839,Day0_MemberByRef,null,null,null,null,Day0_MemberByRef,Day0_MemberByRef,daywise@memberbyref.com,+19839829829,null,113031,LPK 201,E Street,greta road,Eastern site,NY,NYC,UNITED STATES OF AMERICA,9029
44878,73302,PER,112614,5db82152-590b-41f0-92fb-33df77097668,Day3_Member,null,null,null,null,Day3_Member,Day3_Member,day0@day0.com,900000000,800000000,113029,Day0_AddressName,Day0_Line1,Day0_Line2,Day0_Line3,Day0_City,Day0_State,INDIA,100000
44877,73301,ARE,112613,cb62b85d-ec5e-4330-a182-f042a8e75ac6,NoRiskMember,null,null,null,null,NoRiskMember,NoRiskMember,NoRiskMember@NoRiskMember.com,908765789,908765789,113028,NoRiskMemberAddress,NoRiskMemberL1,NoRiskMemberL2,NoRiskMemberL3,NoRiskMemberCity,NoRiskMemberState,UNITED ARAB EMIRATES,87655789
44876,73300,DEU,112612,9b330e04-9640-4c4a-b795-4e89e72160b6,Day3APIMember,null,null,null,null,Day3APIMember,Day3APIMember,Day3apimember@api.com,7000000003,8000000003,113027,Day3Name,Day3APILine1,Day3APILine2,Day3APILine3,Day3APICity,Day3APICountryState,INDIA,900003
44875,73299,GBR,112605,b7d56988-b75a-418b-8deb-b3c7ca004e3d,Member 07Sept1150,null,null,null,null,Member 07Sept1150,Member 07Sept1150,null,null,null,113020,Member 07Sept1150 AddNAme,Member 07Sept1150L1,Member 07Sept1150L2,null,Lancaster,null,UNITED KINGDOM,LA1 1LA
44874,73298,DEU,112604,d9420890-3ebf-4dba-94a6-82212b26efd7,Day3TestMember,null,null,null,null,Day3TestMember,Day3TestMember,Test3@Test3.com,7000000003,8000000003,113019,Day3Name,Day3Line1,Day3Line2,Day3Line3,Day3City,Day3Country,INDIA,900003
44873,73297,GBR,112603,c18de539-04f7-44ad-b4da-dd0f25f6c874,Member 02Sep1450,null,null,null,null,Member 02Sep1450,Member 02Sep1450,null,null,null,113018,Member 02Sep1450 AddName,Member 02Sep1450 L1,Member 02Sep1450 L2,null,Ripon,North Yorkshire,UNITED KINGDOM,Y1 1YY
44872,73296,GBR,112602,aca2e5fa-7a30-4dab-95cf-a1d43229f979,Member 01Sep1033,null,null,null,null,Member 01Sep1033,Member 01Sep1033,Joe@MEssing.com,+445588556,+44557788996,113017,Member 01Sep1033AddName,Member 01Sep1033L1,Member 01Sep1033L2,null,Edinburgh,Fife,UNITED KINGDOM,E1 1EE
44871,73295,IND,112599,d0903a1b-7698-4d69-b53d-ab7da152c792,MyMember,null,null,null,null,MyMember,MyMember,MyMember@MyMember.com,8989898989,987889786,113014,MyMemberAddressName,MyMember_Line1,MyMember_Line2,MyMember_Line3,MyMember_City,MyMember_State,INDIA,909090
44870,73294,GBR,112598,d2813ab6-fb95-44fd-8b1e-8d486aff7a95,NewMem 27Aug1415,null,null,null,null,NewMem 27Aug1415,NewMem 27Aug1415,There@elsewhere.com,+445511225,+4488554226,113013,NewMem 27Aug1415 AddName,NewMem 27Aug1415 L1,NewMem 27Aug1415 L2,null,Leeds,West Yorkshore,UNITED KINGDOM,L1 LSA
44869,73293,GBR,112595,2982c290-6fa3-4844-abec-1ada50e5f828,MemCreated 26Aug1421,null,null,null,null,MemCreated 26Aug1421,MemCreated 26Aug1421,there@here.com,+445588996,+44115577885,113010,MemCreated 26Aug1421 AddName,MemCreated 26Aug1421 L1,MemCreated 26Aug1421 L2,null,Derby,Derbyshire,UNITED KINGDOM,D1 1DD
44868,73292,GBR,112594,fffebb30-296f-439f-a803-3dfe14b95f68,mem 26 Aug 1259,null,null,null,null,mem 26 Aug 1259,mem 26 Aug 1259,null,null,null,113009,mem 26 Aug 1259 an,mem 26 Aug 1259 l1,mem 26 Aug 1259 l2,null,BHAM,null,UNITED KINGDOM,B37 7 Hg
44867,73291,GBR,112593,b4a64fe8-4119-40e5-8c20-cf787ca71948,Member 26Aug1154,null,null,null,null,Member 26Aug1154,Member 26Aug1154,ai@o.com,+44771144558,+44558899662,113008,Member 26Aug1154 AddName,Member 26Aug1154 L1,Member 26Aug1154 l2,null,Birmingham,West Mids,UNITED KINGDOM,B37 7HG
44866,73290,DNK,112591,56d45452-b8e3-451a-a226-932086eb47a5,Suraj Member,null,null,null,null,Suraj Member,Suraj Member,test1@adro1.com,9089090909,null,113006,MTAAddressName,MTALine1,MTALine2,MTALine3,MTACity,MTAState,INDIA,411033
44865,73289,BTN,112590,745ba2f0-509e-4d87-9f89-5c5076950f2d,Day3_MemberForRiskName,null,null,null,null,Day3_MemberForRiskName,Day3_MemberForRiskName,day2@email.com,9000000002,2000000002,113005,Day2_AddessName,Day2_Line1,Day2_Line2,Day2_Line3,Day2_City,Day2_State,INDIA,200000
44864,73288,AUS,112392,db7fbbff-e75f-ea11-a811-000d3a86a8cf,AMP Test Broker,null,null,null,null,AMP Test Broker,AMP Test Broker,null,null,null,112807,10 Whitechapel,null,null,null,London,null,UNITED KINGDOM,null
44863,73287,BLI,112588,91f58fcc-7621-42cd-ab14-2f5edcbc66d2,UpdatedMember_27082020,null,null,null,null,UpdatedMember_27082020,UpdatedMember_27082020,mem@mem.mem,452-125,333-444,113003,Automation New Member,ADR Line 1,ADR Line 2,null,London,null,UNITED KINGDOM,34A PD
44862,73286,BLI,112587,3d0419be-8eff-41b5-b88d-38ee22b3d760,AutoMember_052015_190820,null,null,null,null,AutoMember_052015_190820,AutoMember_052015_190820,mem@mem.mem,452-125,333-444,113002,Automation New Member,ADR Line 1,ADR Line 2,null,London,null,UNITED KINGDOM,34A PD
44861,73285,BLI,112586,f157a9cd-0001-40ea-898b-e8c73d6d6427,AutoMember_050444_190820,null,null,null,null,AutoMember_050444_190820,AutoMember_050444_190820,mem@mem.mem,452-125,333-444,113001,Automation New Member,ADR Line 1,ADR Line 2,null,London,null,UNITED KINGDOM,34A PD
44860,73284,BLI,112585,a9db5a23-7df7-49f1-93fe-3fc55e43fc91,AutoMember_045239_190820,null,null,null,null,AutoMember_045239_190820,AutoMember_045239_190820,mem@mem.mem,452-125,333-444,113000,Automation New Member,ADR Line 1,ADR Line 2,null,London,null,UNITED KINGDOM,34A PD
44859,73283,BLI,112584,b2e873eb-6e47-49bf-abca-331a2d0f33ea,AutoMember_034201_190820,null,null,null,null,AutoMember_034201_190820,AutoMember_034201_190820,mem@mem.mem,452-125,333-444,112999,Automation New Member,ADR Line 1,ADR Line 2,null,London,null,UNITED KINGDOM,34A PD
44858,73282,GBR,112578,644fa70b-3e27-4137-8d1c-baf7ae985c2d,Member 17Aug2240,null,null,null,null,Member 17Aug2240,Member 17Aug2240,are@you.cpm,+44558866885,+442211552258,112993,Member 17Aug2240 AddName,Member 17Aug2240L1,Member 17Aug2240L2,Member 17Aug2240L3,Birmingham,West Mids,UNITED KINGDOM,B37 7HG
44857,73281,GBR,112577,0490b947-c436-4315-87c6-70464a0a005e,Arvind SmokingHot,null,null,null,null,Arvind SmokingHot,Arvind SmokingHot,null,null,null,112992,Arvind SmokingHot,Arvind SmokingHot,Arvind SmokingHot,null,BHAM,null,UNITED KINGDOM, B37 7HG
44856,73280,GBR,112576,00000000-0000-0000-0000-000000000000,Member 17Aug1415,null,null,null,null,Member 17Aug1415,Member 17Aug1415,there@here.com,+44885511552,+44552288996,112991,Member 17Aug1415 AddName,Member 17Aug1415L1,Member 17Aug1415L2,null,Birmingham,West Mids,UNITED KINGDOM,B37 7HG
44855,73279,GBR,112571,00000000-0000-0000-0000-000000000000,Member 17Aug1244,null,null,null,null,Member 17Aug1244,Member 17Aug1244,here@there.com,+44552211552,+885599665,112986,Member 17Aug1244 AddName,Member 17Aug1244L1,Member 17Aug1244l2,null,Birmingham,West Mids,UNITED KINGDOM,B37 7HG
44854,73278,GBR,112566,00000000-0000-0000-0000-000000000000,Member 14Aug1726,null,null,null,null,Member 14Aug1726,Member 14Aug1726,Yourself@here.com,+448855995,+445511228,112981,Member 14Aug Add Name,Member 14Aug Add L1,null,Member 14Aug Add L3,Stafford,Staffordshire,UNITED KINGDOM,St1 1BB
44853,73277,GBR,112565,00000000-0000-0000-0000-000000000000,anothe3r Newmebr,null,null,null,null,anothe3r Newmebr,anothe3r Newmebr,null,null,null,112980,anothe3r Newmebr,anothe3r Newmebr,anothe3r Newmebr,null,BHAM,null,UNITED KINGDOM,B37 7 HG
44852,73276,GBR,112564,00000000-0000-0000-0000-000000000000,CountRy Member,null,null,null,null,CountRy Member,CountRy Member,yah@as.sd,+445552221112,+44885552221,112979,CountRy Member A,CountRy Member B,CountRy Member C,null,BHAM,West Mids,UNITED KINGDOM,B37 7HG
44851,73275,GBR,112563,00000000-0000-0000-0000-000000000000,NewMebmer12Aug,null,null,null,null,NewMebmer12Aug,NewMebmer12Aug,null,null,null,112978,NewMebmer12Aug,NewMebmer12Aug,NewMebmer12Aug,null,Bham,null,UNITED KINGDOM,B37 7Hg
44850,73274,GBR,112562,00000000-0000-0000-0000-000000000000,Member 12Aug1301,null,null,null,null,Member 12Aug1301,Member 12Aug1301,null,null,null,112977,Member 12Aug1301,Member 12Aug1301,Member 12Aug1301,null,Birmingham,null,UNITED KINGDOM,B37 7HG
44849,73273,GBR,112557,eb034c45-6c41-471a-b5fa-30887b40c009,NEW Member 11Aug@9938,null,null,null,null,NEW Member 11Aug@9938,NEW Member 11Aug@9938,null,null,null,112972,Member 11Aug@9938,Member 11Aug@9938L1,Member 11Aug@9938L2,null,Birmingham,null,UNITED KINGDOM,B37 7HG
44848,73272,GBR,112556,00000000-0000-0000-0000-000000000000,MemberNew 1,null,null,null,null,MemberNew 1,MemberNew 1,null,null,null,112971,MemberNew 1,MemberNew 1,MemberNew 1,null,BHAM,null,UNITED KINGDOM,B37 7HG
44847,73271,GBR,112555,00000000-0000-0000-0000-000000000000,bbbbllllaaah,null,null,null,null,bbbbllllaaah,bbbbllllaaah,null,null,null,112970,bbbbllllaaah,bbbbllllaaah1,bbbbllllaaah2,null,birmingham,null,UNITED KINGDOM,B37 7HG
44846,73270,AUT,112046,a48edfd5-e25f-ea11-a811-000d3a86a8cf,AMP Test Cold Prospect Party,null,null,null,null,AMP Test Cold Prospect Party,AMP Test Cold Prospect Party,null,null,null,112454,check 1,null,null,null,London,null,UNITED KINGDOM,null
44845,73269,AUS,112554,00000000-0000-0000-0000-000000000000,M1044260,null,null,null,null,M1044260,M1044260,null,null,null,112969,AN,null,null,null,C,null,AS DECLARED,null
44844,73268,AUS,112553,00000000-0000-0000-0000-000000000000,M1044258,null,null,null,null,M1044258,M1044258,null,null,null,112968,AN,null,null,null,C,null,AZERBAIJAN REPUBLIC OF,null
44843,73267,ABW,112552,00000000-0000-0000-0000-000000000000,M1044257,null,null,null,null,M1044257,M1044257,null,null,null,112967,AN,null,null,null,C,null,AUSTRIA,null
44842,73266,AUT,112551,00000000-0000-0000-0000-000000000000,M1044255,null,null,null,null,M1044255,M1044255,null,null,null,112966,AN,null,null,null,C,null,AUSTRALIA,null
44841,73265,BHS,112550,00000000-0000-0000-0000-000000000000,M1044253,null,null,null,null,M1044253,M1044253,null,null,null,112965,AN,null,null,null,C,null,BAHAMAS,null
44840,73264,BLZ,112549,375e34a1-4b65-ea11-a811-000d3a86a8cf,LINTER MARITIME LIMITED,null,null,null,null,LINTER MARITIME LIMITED,LINTER MARITIME LIMITED,null,null,null,112964,Corner Hutson & Eyre Street,Blake Building Suite 302,null,null,Belize City,null,BELIZE,null
44838,73262,GBG,112539,e239b4f9-2965-ea11-a811-000d3a86a8cf,NGONI LIMITED,null,null,null,null,NGONI LIMITED,NGONI LIMITED,null,null,null,112954,Granary House,The Grance,null,null,St Peter Port,null,GUERNSEY,GY1 2QG
44836,73260,COK,112535,2380c6eb-0f65-ea11-a811-000d3a86a8cf,OCEAN V LTD,null,null,null,null,OCEAN V LTD,OCEAN V LTD,null,null,null,112950,Suite 1 Taikura House,Titika Veka,null,null,Rarotonga,null,COOK ISLANDS,null
44835,73259,HKG,112529,7284d134-0665-ea11-a811-000d3a86a8cf,LUCKWAY INVESTMENT LIMITED,null,null,null,null,LUCKWAY INVESTMENT LIMITED,LUCKWAY INVESTMENT LIMITED,null,null,null,112944,14/F. CHUN WO COMMERCIAL CENTRE ,25 WING WO STREET,CENTRAL,null,HONG KONG,null,HONG KONG,null
44834,73258,AUS,112526,482351ae-fd64-ea11-a811-000d3a86ad30,Escudos Verdes Pty Ltd T/as Whalesong Cruises,null,null,null,null,Escudos Verdes Pty Ltd T/as Whalesong Cruises,Escudos Verdes Pty Ltd T/as Whalesong Cruises,null,null,null,112941,Shop 217 Buccaneer Dr,Great Sandy Straits Marina Terminal Building,null,null,Urangan,QLD ,AUSTRALIA,4655
44833,73257,LKA,112525,98b3a976-fa64-ea11-a811-000d3a86a8cf,Sharaf Shipping Agency (PVT) Ltd,null,null,null,null,Sharaf Shipping Agency (PVT) Ltd,Sharaf Shipping Agency (PVT) Ltd,null,null,null,112940,P.O. Box 1235,Robert Senanayake Building,#46/5,Nawam Mawatha,Colombo 02,null,SRI LANKA,null
44832,73256,MYS,112521,56976f34-ca64-ea11-a811-000d3a86ad30,Pan Marine Shipping Sdn Bhd,null,null,null,null,Pan Marine Shipping Sdn Bhd,Pan Marine Shipping Sdn Bhd,sally.lau@sapor.com.my,null,null,112936,No. 19-21,3rd Floor,Chengal Road,null,Sibu ,Sarawak,MALAYSIA,96000
44829,73253,FRA,112494,d58b86cd-7964-ea11-a811-000d3a86ad30,LA CARLINE SARL ,null,null,null,null,LA CARLINE SARL ,LA CARLINE SARL ,null,null,null,112909,Embarcadère Route du Sauzé,null,null,null,SAVINES LE LAC,null,FRANCE,05160 
44828,73252,MLT,112493,343ff1c5-7764-ea11-a811-000d3a86a8cf,All Ocean Limited,null,null,null,null,All Ocean Limited,All Ocean Limited,null,null,null,112908,171 Old Bakery Street,null,null,null,Valletta,null,MALTA,VLT 1455
44826,73250,CYM,112491,2709d36c-6964-ea11-a811-000d3a86ad30,SEVEN LIMITED,null,null,null,null,SEVEN LIMITED,SEVEN LIMITED,null,null,null,112906,UGLAND HOUSE,P.O. BOX 309,GEORGE TOWN,null,GRAND CAYMAN,null,CAYMAN ISLANDS,null
44820,73244,BEL,112481,71b70b7a-4864-ea11-a811-000d3a86a8cf,Philippe Charles de Moerloose ,null,null,null,null,Philippe Charles de Moerloose ,Philippe Charles de Moerloose ,null,null,null,112896,Avenue Fleming 4,null,null,null,Wavre,null,BELGIUM,1300
44818,73242,PAN,112477,00000000-0000-0000-0000-000000000000,SOLAR INVESTMENTS LIMITED CORP.,null,null,null,null,SOLAR INVESTMENTS LIMITED CORP.,SOLAR INVESTMENTS LIMITED CORP.,null,null,null,112892,GLOBAL BANK BUILDING,18TH FLOOR SUITE 1801,50TH STREET,null,PANAMA,null,REPUBLIC OF PANAMA,null
44817,73241,VGB,112472,8cf8c528-ac63-ea11-a811-000d3a86a8cf,Anchorage Marine Ventures Limited,null,null,null,null,Anchorage Marine Ventures Limited,Anchorage Marine Ventures Limited,null,null,null,112887,Palm Chambers 197 Main Street ,P.O. Box 4493,Road Town,null,Tortola,null,BRITISH VIRGIN ISLANDS,null
44815,73239,TUR,112470,218e9471-a263-ea11-a811-000d3a86ad30,MYSTERYSEA MARITIME INVESTMENTS CORPORATION,null,null,null,null,MYSTERYSEA MARITIME INVESTMENTS CORPORATION,MYSTERYSEA MARITIME INVESTMENTS CORPORATION,null,null,null,112885,Trust Company Complex,Ajeltake Road,Ajeltake Island,null,Majuro,null,MARSHALL ISLANDS,null
44813,73237,GRC,112468,b947eb93-8e63-ea11-a811-000d3a86ad30,SUNRISE OIA M.C.P.Y.,null,null,null,null,SUNRISE OIA M.C.P.Y.,SUNRISE OIA M.C.P.Y.,null,null,null,112883,Oia,null,null,null,Thira,null,GREECE,null
44812,73236,MLT,112467,319d3e8a-8b63-ea11-a811-000d3a86a8cf,BLUE FUN COMPANY LTD,null,null,null,null,BLUE FUN COMPANY LTD,BLUE FUN COMPANY LTD,null,null,null,112882,103 PALAZZO PIETRO STIGES,STRAIT STREET,null,null,VALLETTA,null,MALTA,VLT 1436
44811,73235,USA,112466,2ae000b3-8863-ea11-a811-000d3a86ad30,CLUB M YACHTING LTD,null,null,null,null,CLUB M YACHTING LTD,CLUB M YACHTING LTD,null,null,null,112881,152 WEST 5TH STREET,45TH FLOOR,null,null,NEW YORK,NEW YORK,UNITED STATES OF AMERICA,10019
44809,73233,USA,112460,7e5c6b62-8063-ea11-a811-000d3a86ad30,GAF Yachting LLC,null,null,null,null,GAF Yachting LLC,GAF Yachting LLC,null,null,null,112875,377 East Coconut Palm Road,null,null,null,Boca Raton,null,UNITED STATES OF AMERICA,FL 33432
44801,73225,IDN,112445,0c27d6a2-3963-ea11-a811-000d3a86a8cf,PT PELAYARAN BAHARIMAS KALIMANTAN,null,null,null,null,PT PELAYARAN BAHARIMAS KALIMANTAN,PT PELAYARAN BAHARIMAS KALIMANTAN,null,null,null,112860,null,null,null,null,null,null,INDONESIA,null
44798,73222,GRC,112433,00000000-0000-0000-0000-000000000000,Nikoloas Liparos,null,null,null,null,Nikoloas Liparos,Nikoloas Liparos,nikliparos1@gmail.com,2271028978 ,null,112848,Lithi,null,null,null,Chios island,null,GREECE,null
44795,73219,TUR,112428,b4a98a87-db62-ea11-a811-000d3a86ad30,Seahorse Denizcilik ve Muhendislik Tic. Ltd. Sti.,null,null,null,null,Seahorse Denizcilik ve Muhendislik Tic. Ltd. Sti.,Seahorse Denizcilik ve Muhendislik Tic. Ltd. Sti.,null,null,null,112843,DD SHIPPING LIMITED/ TRUST COMPANY COMPLEX,AJELTAKE ROAD,AJELTAKE ISLAND,null,MAJURO,null,MARSHALL ISLANDS,null
44794,73218,MLT,112427,c9bec177-d862-ea11-a811-000d3a86a8cf,Lady Marcelle LTD,null,null,null,null,Lady Marcelle LTD,Lady Marcelle LTD,null,null,null,112842,114 The Strand,null,null,null,Gzira,null,MALTA,null
44793,73217,NAM,112425,bfb68a92-c162-ea11-a811-000d3a86ad30,Tripp Seamount (Pty) Ltd,null,null,null,null,Tripp Seamount (Pty) Ltd,Tripp Seamount (Pty) Ltd,null,null,null,112840,128 Sixth Street,null,null,null,Walvis Bay,null,NAMIBIA REPUBLIC OF,null
44792,73216,USA,112424,fe7a0bae-c062-ea11-a811-000d3a86ad30,GLOWRANGE LTD,null,null,null,null,GLOWRANGE LTD,GLOWRANGE LTD,null,null,null,112839,2726 Shelter Isld DR 143,null,null,null,SAN DIEGO,California,UNITED STATES OF AMERICA,92105
44787,73211,USA,112416,7d4b0ebf-b162-ea11-a811-000d3a86a8cf,Pari Passu Ltd.,null,null,null,null,Pari Passu Ltd.,Pari Passu Ltd.,null,null,null,112831,c/o Fairport Yacht Support,1535 SE 17th Street Suite 208,null,null,Fort Lauderdale,null,UNITED STATES OF AMERICA,FL 33316
44786,73210,USA,112415,ad181611-b062-ea11-a811-000d3a86ad30,Blank Check Sportfishing LLC,null,null,null,null,Blank Check Sportfishing LLC,Blank Check Sportfishing LLC,null,null,null,112830,5109 West Lemon Street,Tampa,null,null,FL 33609,null,UNITED STATES OF AMERICA,null
44785,73209,TWN,112412,42e4a67b-9362-ea11-a811-000d3a86ad30,KINMEN MATSU PENGHU BRANCH OFFICE,null,null,null,null,KINMEN MATSU PENGHU BRANCH OFFICE,KINMEN MATSU PENGHU BRANCH OFFICE,null,null,null,112827,NO.296 SEC.3,XINLONG ROAD WENSHAN DIST,null,null,TAIPEI CITY,null,TAIWAN,11698
44778,73202,GBR,112400,9a5778e7-0062-ea11-a811-000d3a86ad30,?QUAREALM LTD,null,null,null,null,?QUAREALM LTD,?QUAREALM LTD,null,null,null,112815,ENTERPRISE HOUSE ,GEORGE LANE 113 – 115,null,null,London,null,UNITED KINGDOM,null
44777,73201,NAM,112399,978f383a-fd61-ea11-a811-000d3a86a8cf,Embwiinda Fishing,null,null,null,null,Embwiinda Fishing,Embwiinda Fishing,null,null,null,112814,PO BOX 12,null,null,null,Walvis Bay,null,NAMIBIA REPUBLIC OF,null
44776,73200,CAN,112397,aca3c7d0-f461-ea11-a811-000d3a86ad30,Springtide Charters Ltd A/O Springtide Financial Ltd,null,null,null,null,Springtide Charters Ltd A/O Springtide Financial Ltd,Springtide Charters Ltd A/O Springtide Financial Ltd,null,null,null,112812,4336 Crownwood Lane,null,null,null,Victoria B.C,null,CANADA,V8X-5E4
44774,73198,NLD,112394,84e19130-f261-ea11-a811-000d3a86ad30,P. Brekelmans,null,null,null,null,P. Brekelmans,P. Brekelmans,null,null,null,112809,Voerman Dijsselhofplantsone 6 ,null,null,null,1077 BK  Amsterdam,null,NETHERLANDS,null
44772,73196,NAM,112390,6f3fea39-ee61-ea11-a811-000d3a86a8cf,CATO HOLDING COMPANY,null,null,null,null,CATO HOLDING COMPANY,CATO HOLDING COMPANY,null,null,null,112805,PO Box 21310,null,null,null,Windhoek,null,NAMIBIA REPUBLIC OF,9000
44771,73195,MDV,112385,568322ff-d861-ea11-a811-000d3a86ad30,ADK Trade & Shipping Pvt Ltd,null,null,null,null,ADK Trade & Shipping Pvt Ltd,ADK Trade & Shipping Pvt Ltd,null,null,null,112800,null,null,null,null,null,null,MALDIVES REPUBLIC OF,null
44770,73194,AUS,112383,0e6dbeee-cc61-ea11-a811-000d3a86ad30,Foreshore Marine Pty Ltd & Spadina Piling Equipment Pty Ltd FTRRI,null,null,null,null,Foreshore Marine Pty Ltd & Spadina Piling Equipment Pty Ltd FTRRI,Foreshore Marine Pty Ltd & Spadina Piling Equipment Pty Ltd FTRRI,foreshoremarine1@gmail.com,null,null,112798,4 Dundas Street,Granville,null,null,4650,null,AUSTRALIA,null
44769,73193,GBR,112045,97b4c6b0-e25f-ea11-a811-000d3a86a8cf,AMP Test Cold Prospect 001,null,null,null,null,AMP Test Cold Prospect 001,AMP Test Cold Prospect 001,null,null,null,112453,10 Whitechape,null,null,null,London,null,UNITED KINGDOM,null
