SQL_BrokerID,API_BrokerID,SQL_BrokerReference,API_BrokerReference,SQL_PartyId,API_PartyId,SQL_PartyCrmIdentifier,API_PartyCrmIdentifier,SQL_IsOrganisation,API_IsOrganisation,SQL_OrganisationName,API_OrganisationName,SQL_Salutation,API_Salutation,SQL_FirstName,API_FirstName,SQL_MiddleName,API_MiddleName,SQL_LastName,API_LastName,SQL_Name,API_Name,SQL_SearchName,API_SearchName,SQL_EmailAddress,API_EmailAddress,SQL_Telephone,API_Telephone,SQL_Fax,API_Fax,SQL_AddressId,API_AddressId,SQL_AddressName,API_AddressName,SQL_AddressLine1,API_AddressLine1,SQL_AddressLine2,API_AddressLine2,SQL_AddressLine3,API_AddressLine3,SQL_City,API_City,SQL_State,API_State,SQL_Country,API_Country,SQL_Postcode,API_Postcode,Status
1289,1289,7066,7066,112484,112484,E3F793DD-9E62-EA11-A811-000D3A86AD30,e3f793dd-9e62-ea11-a811-000d3a86ad30,true,true,BEIJING SINO TAO INSURANCE BROKERS CO.  LTD,BEIJING SINO TAO INSURANCE BROKERS CO.  LTD,null,null,null,null,null,null,null,null,BEIJING SINO TAO INSURANCE BROKERS CO.  LTD,BEIJING SINO TAO INSURANCE BROKERS CO.  LTD,BEIJING SINO TAO INSURANCE BROKERS CO.  LTD,BEIJING SINO TAO INSURANCE BROKERS CO.  LTD,CHENGSJ@ZCARE.XYZ,CHENGSJ@ZCARE.XYZ,null,null,null,null,112899,112899,ROOM 722B  7F ,ROOM 722B  7F ,HUAPU INTERNATIONAL BUILDING,HUAPU INTERNATIONAL BUILDING,19 CHAOWAI STREET  CHAOYANG DISTRICT,19 CHAOWAI STREET  CHAOYANG DISTRICT,null,null,BEIJING,BEIJING,null,null,CHINA  PEOPLES REPUBLIC OF,CHINA  PEOPLES REPUBLIC OF,null,null,Test case is passed
1288,1288,7065,7065,112392,112392,DB7FBBFF-E75F-EA11-A811-000D3A86A8CF,db7fbbff-e75f-ea11-a811-000d3a86a8cf,true,true,AMP Test Broker,AMP Test Broker,null,null,null,null,null,null,null,null,AMP Test Broker,AMP Test Broker,AMP Test Broker,AMP Test Broker,null,null,null,null,null,null,112807,112807,10 Whitechapel,10 Whitechapel,null,null,null,null,null,null,London,London,null,null,UNITED KINGDOM,UNITED KINGDOM,null,null,Test case is passed
1287,1287,6206,6206,112366,112366,AD222B91-489E-E911-A98F-002248005D88,ad222b91-489e-e911-a98f-002248005d88,true,true,3 Dimensional Insurance Ltd,3 Dimensional Insurance Ltd,null,null,null,null,null,null,null,null,3 Dimensional Insurance Ltd,3 Dimensional Insurance Ltd,3 Dimensional Insurance Ltd,3 Dimensional Insurance Ltd,Haydn.hertz@3diltd.co.uk,Haydn.hertz@3diltd.co.uk,07974083712,07974083712,null,null,112780,112780,Warlies Park House,Warlies Park House,Horseshoe Hill,Horseshoe Hill,null,null,null,null,Waltham Abbey,Waltham Abbey,Essex,Essex,UNITED KINGDOM,UNITED KINGDOM,EN9 3SL,EN9 3SL,Test case is passed
1286,1286,6217,6217,112362,112362,41996B78-41B4-E911-A995-0022480042B3,41996b78-41b4-e911-a995-0022480042b3,true,true,Armstrong’s Insurance Brokers Pty Ltd,Armstrong’s Insurance Brokers Pty Ltd,null,null,null,null,null,null,null,null,Armstrong’s Insurance Brokers Pty Ltd,Armstrong’s Insurance Brokers Pty Ltd,Armstrong’s Insurance Brokers Pty Ltd,Armstrong’s Insurance Brokers Pty Ltd,office@armstrongs.net.au,office@armstrongs.net.au,03 63315455,03 63315455,03 63315488,03 63315488,112776,112776,47 Cameron Street,47 Cameron Street,Launceston,Launceston,null,null,null,null,Tasmania 7250,Tasmania 7250,null,null,AUSTRALIA,AUSTRALIA,null,null,Test case is passed
1285,1285,7064,7064,112011,112011,DCA7FFC6-FC5E-EA11-A811-000D3A86AD30,dca7ffc6-fc5e-ea11-a811-000d3a86ad30,true,true,Guemas International,Guemas International,null,null,null,null,null,null,null,null,Guemas International,Guemas International,Guemas International,Guemas International,null,null,null,null,null,null,112415,112415,60 rue de Londres,60 rue de Londres,null,null,null,null,null,null,Paris,Paris,null,null,FRANCE,FRANCE,75008,75008,Test case is passed
1284,1284,7062,7062,111549,111549,D42719AB-1053-EA11-A813-000D3A86A8CF,d42719ab-1053-ea11-a813-000d3a86a8cf,true,true,Antah Insurance Brokers Sdn Bhd,Antah Insurance Brokers Sdn Bhd,null,null,null,null,null,null,null,null,Antah Insurance Brokers Sdn Bhd,Antah Insurance Brokers Sdn Bhd,Antah Insurance Brokers Sdn Bhd,Antah Insurance Brokers Sdn Bhd,theiva@asib.com.my,theiva@asib.com.my,+60376290001,+60376290001,+60376290002,+60376290002,111953,111953,3rd Floor  West Wing Quattro West,3rd Floor  West Wing Quattro West,4 Persiaran Barat,4 Persiaran Barat,null,null,null,null,Selangor Darul Ehsan,Selangor Darul Ehsan,null,null,MALAYSIA,MALAYSIA,46100 Petaling Jaya,46100 Petaling Jaya,Test case is passed
1283,1283,7061,7061,111476,111476,9BF84CEE-6052-EA11-A813-000D3A86A8CF,9bf84cee-6052-ea11-a813-000d3a86a8cf,true,true,AON BENFIELD ARGENTINA S.A.,AON BENFIELD ARGENTINA S.A.,null,null,null,null,null,null,null,null,AON BENFIELD ARGENTINA S.A.,AON BENFIELD ARGENTINA S.A.,AON BENFIELD ARGENTINA S.A.,AON BENFIELD ARGENTINA S.A.,javier.nocetti@aon.com,javier.nocetti@aon.com,541152541615,541152541615,null,null,111880,111880,Aon Benfield Argentina S.A.,Aon Benfield Argentina S.A.,Emma de la Barra 353,Emma de la Barra 353,Piso 4,Piso 4,Puerto Madero,Puerto Madero,Buenos Aires,Buenos Aires,null,null,ARGENTINA,ARGENTINA,C1107CQA,C1107CQA,Test case is passed
1282,1282,7060,7060,111350,111350,A7CA4277-D54E-EA11-A812-000D3A86A8CF,a7ca4277-d54e-ea11-a812-000d3a86a8cf,true,true,Keppel SMIT Towage Pte Ltd,Keppel SMIT Towage Pte Ltd,null,null,null,null,null,null,null,null,Keppel SMIT Towage Pte Ltd,Keppel SMIT Towage Pte Ltd,Keppel SMIT Towage Pte Ltd,Keppel SMIT Towage Pte Ltd,nathalia.lossovska@boskalis.com,nathalia.lossovska@boskalis.com,66684304,66684304,null,null,111751,111751,23 Gul Road,23 Gul Road,null,null,null,null,null,null,Singapore 629356,Singapore 629356,null,null,SINGAPORE  REPUBLIC OF,SINGAPORE  REPUBLIC OF,null,null,Test case is passed
1281,1281,7059,7059,111257,111257,F8D4BB05-334D-EA11-A812-000D3A86A8CF,f8d4bb05-334d-ea11-a812-000d3a86a8cf,true,true,Westblake Pty Ltd t/as it's insured,Westblake Pty Ltd t/as it's insured,null,null,null,null,null,null,null,null,Westblake Pty Ltd t/as it's insured,Westblake Pty Ltd t/as it's insured,Westblake Pty Ltd t/as it's insured,Westblake Pty Ltd t/as it's insured,tremayne.west@itsinsured.com.au,tremayne.west@itsinsured.com.au,null,null,null,null,111658,111658,NSW 2022,NSW 2022,Level 23,Level 23,520 Oxford Road,520 Oxford Road,null,null,Bondi Junction,Bondi Junction,null,null,AUSTRALIA,AUSTRALIA,null,null,Test case is passed
1280,1280,7058,7058,111209,111209,9AECC559-ED4B-EA11-A812-000D3A86AD30,9aecc559-ed4b-ea11-a812-000d3a86ad30,true,true,ATL Marine & Energy Ltd,ATL Marine & Energy Ltd,null,null,null,null,null,null,null,null,ATL Marine & Energy Ltd,ATL Marine & Energy Ltd,ATL Marine & Energy Ltd,ATL Marine & Energy Ltd,null,null,02035951115,02035951115,null,null,111610,111610,145 Leadenhall Street,145 Leadenhall Street,145 Leadenhall Street,145 Leadenhall Street,null,null,null,null,London,London,null,null,UNITED KINGDOM,UNITED KINGDOM,EC3V 4QT,EC3V 4QT,Test case is passed
1279,1279,7056,7056,111072,111072,0B1BF06B-8949-EA11-A812-000D3A86AD30,0b1bf06b-8949-ea11-a812-000d3a86ad30,true,true,Prudent Insurance Brokers Pvt. Ltd,Prudent Insurance Brokers Pvt. Ltd,null,null,null,null,null,null,null,null,Prudent Insurance Brokers Pvt. Ltd,Prudent Insurance Brokers Pvt. Ltd,Prudent Insurance Brokers Pvt. Ltd,Prudent Insurance Brokers Pvt. Ltd,bansi.suvarna@prudentbrokers.com,bansi.suvarna@prudentbrokers.com,+91 22 33066000,+91 22 33066000,null,null,111473,111473,Prudent Insurance Brokers Pvt. Ltd,Prudent Insurance Brokers Pvt. Ltd,101  Tower B  Peninsula Business Park,101  Tower B  Peninsula Business Park,Ganpatrao Kadam Marg,Ganpatrao Kadam Marg,Lower Parel,Lower Parel,W  Mumbai,W  Mumbai,null,null,INDIA,INDIA,400013,400013,Test case is passed
1278,1278,7055,7055,111057,111057,0C5272BB-FE48-EA11-A812-000D3A86AD30,0c5272bb-fe48-ea11-a812-000d3a86ad30,true,true,Gulf Ocean Insurance & Reinsurance Brokers DIFC Limited,Gulf Ocean Insurance & Reinsurance Brokers DIFC Limited,null,null,null,null,null,null,null,null,Gulf Ocean Insurance & Reinsurance Brokers DIFC Limited,Gulf Ocean Insurance & Reinsurance Brokers DIFC Limited,Gulf Ocean Insurance & Reinsurance Brokers DIFC Limited,Gulf Ocean Insurance & Reinsurance Brokers DIFC Limited,vijay@gulfoceanre.com,vijay@gulfoceanre.com,+971 (04) 587 6452,+971 (04) 587 6452,+971 (04) 431 5831,+971 (04) 431 5831,111458,111458,Gulf Ocean Insurance & Reinsurance Brokers (DIFC) Limited,Gulf Ocean Insurance & Reinsurance Brokers (DIFC) Limited,Office #516  Liberty House,Office #516  Liberty House,Dubai International Financial Centre,Dubai International Financial Centre,null,null,Dubai,Dubai,null,null,UNITED ARAB EMIRATES,UNITED ARAB EMIRATES,null,null,Test case is passed
1277,1277,7054,7054,110696,110696,DB06EB98-9246-EA11-A812-000D3A86A8CF,db06eb98-9246-ea11-a812-000d3a86a8cf,true,true,Regent Marine Assekuranzmakler GmbH,Regent Marine Assekuranzmakler GmbH,null,null,null,null,null,null,null,null,Regent Marine Assekuranzmakler GmbH,Regent Marine Assekuranzmakler GmbH,Regent Marine Assekuranzmakler GmbH,Regent Marine Assekuranzmakler GmbH,Monika.Brockmann@regent-marine.de,Monika.Brockmann@regent-marine.de,+4942152571112,+4942152571112,null,null,111097,111097,Flughafenallee 28,Flughafenallee 28,null,null,null,null,null,null,Bremen,Bremen,null,null,GERMANY,GERMANY,28199,28199,Test case is passed
1276,1276,7053,7053,110559,110559,07F54D73-4F43-EA11-A812-000D3A86A8CF,07f54d73-4f43-ea11-a812-000d3a86a8cf,true,true,La Positiva Seguros y Reaseguros,La Positiva Seguros y Reaseguros,null,null,null,null,null,null,null,null,La Positiva Seguros y Reaseguros,La Positiva Seguros y Reaseguros,La Positiva Seguros y Reaseguros,La Positiva Seguros y Reaseguros,null,null,+5112110000,+5112110000,null,null,110960,110960,Francisco Masias No 370  San Isidro ,Francisco Masias No 370  San Isidro ,null,null,null,null,null,null,Lima 27,Lima 27,null,null,PERU,PERU,null,null,Test case is passed
1275,1275,7050,7050,110161,110161,36CC4163-3238-EA11-A813-000D3A86A8CF,36cc4163-3238-ea11-a813-000d3a86a8cf,true,true,Paul Donnelly Insurance Brokers Pty Ltd,Paul Donnelly Insurance Brokers Pty Ltd,null,null,null,null,null,null,null,null,Paul Donnelly Insurance Brokers Pty Ltd,Paul Donnelly Insurance Brokers Pty Ltd,Paul Donnelly Insurance Brokers Pty Ltd,Paul Donnelly Insurance Brokers Pty Ltd,null,null,+61294827422,+61294827422,+61294827462,+61294827462,110561,110561,PO Box 97,PO Box 97,Berowra,Berowra,null,null,null,null,NSW 2081,NSW 2081,null,null,AUSTRALIA,AUSTRALIA,null,null,Test case is passed
1274,1274,7051,7051,110159,110159,D3664AA3-0C39-EA11-A813-000D3A86AD30,d3664aa3-0c39-ea11-a813-000d3a86ad30,true,true,RAMON INTERNATIONAL INSURANCE BROKERS LIMITED,RAMON INTERNATIONAL INSURANCE BROKERS LIMITED,null,null,null,null,null,null,null,null,RAMON INTERNATIONAL INSURANCE BROKERS LIMITED,RAMON INTERNATIONAL INSURANCE BROKERS LIMITED,RAMON INTERNATIONAL INSURANCE BROKERS LIMITED,RAMON INTERNATIONAL INSURANCE BROKERS LIMITED,general@ramon.co.uk,general@ramon.co.uk,02073695300,02073695300,02073695301,02073695301,110559,110559,24 Creechurch Lane,24 Creechurch Lane,24 CREECHURCH LANE,24 CREECHURCH LANE,null,null,null,null,LONDON,LONDON,null,null,UNITED KINGDOM,UNITED KINGDOM,EC3A 5EH,EC3A 5EH,Test case is passed
1273,1273,7049,7049,110022,110022,3DFA8E46-AF32-EA11-A813-000D3A86AD30,3dfa8e46-af32-ea11-a813-000d3a86ad30,true,true,Aster Underwriting Pty Ltd,Aster Underwriting Pty Ltd,null,null,null,null,null,null,null,null,Aster Underwriting Pty Ltd,Aster Underwriting Pty Ltd,Aster Underwriting Pty Ltd,Aster Underwriting Pty Ltd,null,null,null,null,null,null,110421,110421,Level 4,Level 4,Cnr Clifford & Appel Streets,Cnr Clifford & Appel Streets,Surfers Paradise,Surfers Paradise,null,null,QLD,QLD,null,null,AUSTRALIA,AUSTRALIA,4217,4217,Test case is passed
1272,1272,7047,7047,110019,110019,B4C526C5-1132-EA11-A810-000D3A86AD30,b4c526c5-1132-ea11-a810-000d3a86ad30,true,true,Orloff Yachting Limited,Orloff Yachting Limited,null,null,null,null,null,null,null,null,Orloff Yachting Limited,Orloff Yachting Limited,Orloff Yachting Limited,Orloff Yachting Limited,gkh@andriaki.gr,gkh@andriaki.gr,0030-210-6152441,0030-210-6152441,null,null,110418,110418,9  FRAGOKLISSIAS STR,9  FRAGOKLISSIAS STR,151 25 MAROUSSI,151 25 MAROUSSI,ATTICA,ATTICA,null,null,ATHENS,ATHENS,null,null,GREECE,GREECE,null,null,Test case is passed
1271,1271,7046,7046,109873,109873,298BB817-0F32-EA11-A810-000D3A86AD30,298bb817-0f32-ea11-a810-000d3a86ad30,false,false,Doris Nepa,Doris Nepa,null,null,Doris,Doris,null,null,Nepa,Nepa,Doris Nepa, Doris Nepa,Doris Nepa,Doris Nepa,gkh@andriaki.gr,gkh@andriaki.gr,00302106152441,00302106152441,null,null,110270,110270,9  FRAGOKLISSIAS STR,9  FRAGOKLISSIAS STR,151 25 MAROUSSI,151 25 MAROUSSI,ATTICA,ATTICA,null,null,ATHENS,ATHENS,GREECE,GREECE,GREECE,GREECE,null,null,Test case is failed
1270,1270,7048,7048,109870,109870,642DE597-2032-EA11-A810-000D3A86AD30,642de597-2032-ea11-a810-000d3a86ad30,true,true,Ocean Cruising Corporation SA,Ocean Cruising Corporation SA,null,null,null,null,null,null,null,null,Ocean Cruising Corporation SA,Ocean Cruising Corporation SA,Ocean Cruising Corporation SA,Ocean Cruising Corporation SA,gkh@andriaki.gr,gkh@andriaki.gr,0030-210-6152441,0030-210-6152441,null,null,110267,110267,9  FRAGOKLISSIAS STR.,9  FRAGOKLISSIAS STR.,151 25 MAROUSSI,151 25 MAROUSSI,ATTICA,ATTICA,null,null,ATHENS,ATHENS,null,null,GREECE,GREECE,null,null,Test case is passed
1269,1269,7045,7045,109720,109720,84063CF2-642D-EA11-A810-000D3A86AD30,84063cf2-642d-ea11-a810-000d3a86ad30,true,true,Sarl Valantin Berger,Sarl Valantin Berger,null,null,null,null,null,null,null,null,Sarl Valantin Berger,Sarl Valantin Berger,Sarl Valantin Berger,Sarl Valantin Berger,null,null,null,null,null,null,110116,110116,4  rue Etienne Dolet,4  rue Etienne Dolet,null,null,null,null,null,null,Tarare,Tarare,null,null,FRANCE,FRANCE,69170,69170,Test case is passed
1268,1268,7044,7044,109494,109494,AF1C5F4E-7C21-EA11-A810-000D3A86A8CF,af1c5f4e-7c21-ea11-a810-000d3a86a8cf,true,true,Fairfirst Insurance Limited,Fairfirst Insurance Limited,null,null,null,null,null,null,null,null,Fairfirst Insurance Limited,Fairfirst Insurance Limited,Fairfirst Insurance Limited,Fairfirst Insurance Limited,null,null,null,null,null,null,109890,109890,Fairfirst Insurance Limited,Fairfirst Insurance Limited,Access Towers II (14th Floor) ,Access Towers II (14th Floor) ,278/4 ,278/4 ,Union Place ,Union Place ,Colombo 02,Colombo 02,null,null,SRI LANKA,SRI LANKA,null,null,Test case is passed
1267,1267,7043,7043,109402,109402,6EFA2610-D81C-EA11-A811-000D3A86AD30,6efa2610-d81c-ea11-a811-000d3a86ad30,false,false,MICHAEL KENT,MICHAEL KENT,null,null,MICHAEL,MICHAEL,null,null,KENT,KENT,MICHAEL KENT, MICHAEL KENT,MICHAEL KENT,MICHAEL KENT,michaelkent@egginternationl.com,michaelkent@egginternationl.com,0037797975206,0037797975206,null,null,109798,109798,AO52 LE MEMMO CENTER,AO52 LE MEMMO CENTER,null,null,4 AVENUE DES GUELFES,4 AVENUE DES GUELFES,null,null,MONACO,MONACO,null,null,MONACO,MONACO,MC9800,MC9800,Test case is failed
1266,1266,7042,7042,109082,109082,8B663006-8016-EA11-A811-000D3A86A8CF,8b663006-8016-ea11-a811-000d3a86a8cf,true,true,Triple "A" Marine Risks Ltd,Triple "A" Marine Risks Ltd,null,null,null,null,null,null,null,null,Triple "A" Marine Risks Ltd,Triple "A" Marine Risks Ltd,Triple "A" Marine Risks Ltd,Triple "A" Marine Risks Ltd,null,null,null,null,null,null,109477,109477,4 Kifissias Avenue,4 Kifissias Avenue,151 25 Maroussi,151 25 Maroussi,null,null,null,null,Athens,Athens,null,null,GREECE,GREECE,null,null,Test case is passed
1265,1265,7040,7040,109055,109055,2BCC322C-7215-EA11-A811-000D3A86A8CF,2bcc322c-7215-ea11-a811-000d3a86a8cf,true,true,Insurance Aid General Brokers Partnership Pty Ltd,Insurance Aid General Brokers Partnership Pty Ltd,null,null,null,null,null,null,null,null,Insurance Aid General Brokers Partnership Pty Ltd,Insurance Aid General Brokers Partnership Pty Ltd,Insurance Aid General Brokers Partnership Pty Ltd,Insurance Aid General Brokers Partnership Pty Ltd,andrewh@insuranceaid.com.au,andrewh@insuranceaid.com.au,0736301823,0736301823,null,null,109450,109450,9/35 Paringa Road,9/35 Paringa Road,null,null,null,null,null,null,Murarrie Q,Murarrie Q,null,null,AUSTRALIA,AUSTRALIA,4172,4172,Test case is passed
1264,1264,7041,7041,109045,109045,82DC8FD4-DF15-EA11-A811-000D3A86AD30,82dc8fd4-df15-ea11-a811-000d3a86ad30,false,false,Ilya Sonyushkin,Ilya Sonyushkin,Mr.,Mr.,Ilya,Ilya,null,null,Sonyushkin,Sonyushkin,Ilya Sonyushkin,Mr. Ilya Sonyushkin,Ilya Sonyushkin,Ilya Sonyushkin,isonyushkin@gmail.com,isonyushkin@gmail.com,+79166534310,+79166534310,null,null,109440,109440,Kutuzovskiy Avenue 26-495,Kutuzovskiy Avenue 26-495,null,null,null,null,null,null,Moscow,Moscow,null,null,RUSSIAN FEDERATION,RUSSIAN FEDERATION,121165,121165,Test case is failed
1263,1263,7039,7039,108940,108940,0BC45595-440D-EA11-A811-000D3A86A8CF,0bc45595-440d-ea11-a811-000d3a86a8cf,true,true,Henderson International B.V.,Henderson International B.V.,null,null,null,null,null,null,null,null,Henderson International B.V.,Henderson International B.V.,Henderson International B.V.,Henderson International B.V.,null,null,null,null,null,null,109335,109335,Welfare Road #129,Welfare Road #129,Laguna View,Laguna View,Suite 2A,Suite 2A,null,null,Cole Bay,Cole Bay,null,null,SINT MAARTEN,SINT MAARTEN,null,null,Test case is passed
1262,1262,7038,7038,108769,108769,D18C851E-B30B-EA11-A811-000D3A86AA92,d18c851e-b30b-ea11-a811-000d3a86aa92,true,true,APEX International Insurance Mediations LLC,APEX International Insurance Mediations LLC,null,null,null,null,null,null,null,null,APEX International Insurance Mediations LLC,APEX International Insurance Mediations LLC,APEX International Insurance Mediations LLC,APEX International Insurance Mediations LLC,null,null,null,null,null,null,109164,109164,ABDULLA BIN DARWISH BLDG.  SHK. ZAYED ST.  PO BOX 35764  ABU DHABI - UAE,ABDULLA BIN DARWISH BLDG.  SHK. ZAYED ST.  PO BOX 35764  ABU DHABI - UAE,null,null,null,null,null,null,Abu Dhabi,Abu Dhabi,null,null,UNITED ARAB EMIRATES,UNITED ARAB EMIRATES,null,null,Test case is passed
1261,1261,7037,7037,108687,108687,4F33D109-2106-EA11-A811-000D3A86AC4E,4f33d109-2106-ea11-a811-000d3a86ac4e,true,true,OP DE BEECK & WORTH CORREDURIA DE SEGUROS SL,OP DE BEECK & WORTH CORREDURIA DE SEGUROS SL,null,null,null,null,null,null,null,null,OP DE BEECK & WORTH CORREDURIA DE SEGUROS SL,OP DE BEECK & WORTH CORREDURIA DE SEGUROS SL,OP DE BEECK & WORTH CORREDURIA DE SEGUROS SL,OP DE BEECK & WORTH CORREDURIA DE SEGUROS SL,DANNI@OPDEBEECK-WORTH.COM,DANNI@OPDEBEECK-WORTH.COM,+34 952 88 22 73,+34 952 88 22 73,null,null,109082,109082,CENTRO COMERCIAL GUADALMINA IV  LOCALES 97-98  29670 SAN PEDRO DE ALCANTARA,CENTRO COMERCIAL GUADALMINA IV  LOCALES 97-98  29670 SAN PEDRO DE ALCANTARA,null,null,null,null,null,null,MARBELLA,MARBELLA,null,null,SPAIN,SPAIN,null,null,Test case is passed
1260,1260,7035,7035,108147,108147,773B75B5-2AFB-E911-A813-000D3A86AA92,773b75b5-2afb-e911-a813-000d3a86aa92,true,true,WG Yachts,WG Yachts,null,null,null,null,null,null,null,null,WG Yachts,WG Yachts,WG Yachts,WG Yachts,richard@wgyachts.com,richard@wgyachts.com,01737 552885,01737 552885,null,null,108534,108534,9 Stagbury Close  Chipstead  Coulsdon  Surrey  CR5 3PH,9 Stagbury Close  Chipstead  Coulsdon  Surrey  CR5 3PH,null,null,null,null,null,null,Coulsdon,Coulsdon,null,null,UNITED KINGDOM,UNITED KINGDOM,null,null,Test case is passed
1259,1259,7036,7036,108136,108136,97973B87-33FB-E911-A813-000D3A86AD30,97973b87-33fb-e911-a813-000d3a86ad30,true,true,HP INTERNATIONAL (HELLAS) CORP,HP INTERNATIONAL (HELLAS) CORP,null,null,null,null,null,null,null,null,HP INTERNATIONAL (HELLAS) CORP,HP INTERNATIONAL (HELLAS) CORP,HP INTERNATIONAL (HELLAS) CORP,HP INTERNATIONAL (HELLAS) CORP,hp@hpintel.com,hp@hpintel.com,+30-210-4296880,+30-210-4296880,+30-210-4296885,+30-210-4296885,108523,108523,Afroditis  24 - Piraeus,Afroditis  24 - Piraeus,null,null,null,null,null,null,Piraeus,Piraeus,null,null,GREECE,GREECE,null,null,Test case is passed
1258,1258,7033,7033,108042,108042,D4CC7968-E8F7-E911-A813-000D3A86A3F8,d4cc7968-e8f7-e911-a813-000d3a86a3f8,true,true,test1,test1,null,null,null,null,null,null,null,null,test1,test1,test1,test1,null,null,null,null,null,null,108428,108428,test1address,test1address,null,null,null,null,null,null,Birmingham,Birmingham,null,null,UNITED KINGDOM,UNITED KINGDOM,null,null,Test case is passed
1257,1257,6244,6244,108019,108019,763BEEBB-13F7-E911-A813-000D3A86AD30,763beebb-13f7-e911-a813-000d3a86ad30,true,true,MCGILL AND PARTNERS LTD,MCGILL AND PARTNERS LTD,,,null,null,null,null,null,null,MCGILL AND PARTNERS LTD,MCGILL AND PARTNERS LTD,MCGILL AND PARTNERS LTD,MCGILL AND PARTNERS LTD,info@mcgillpartners.com,info@mcgillpartners.com,020 3985 1803,020 3985 1803,,,108405,108405,Suite 806 Lloyd's,Suite 806 Lloyd's,1 Lime Street,1 Lime Street,,,,,London,London,,,UNITED KINGDOM,UNITED KINGDOM,EC3M 7HA,EC3M 7HA,Test case is passed
1256,1256,6243,6243,107795,107795,C2B61812-EAF0-E911-A812-000D3A86AA92,c2b61812-eaf0-e911-a812-000d3a86aa92,true,true,EVMAR MARINE SERVICES LTD,EVMAR MARINE SERVICES LTD,,,null,null,null,null,null,null,EVMAR MARINE SERVICES LTD,EVMAR MARINE SERVICES LTD,EVMAR MARINE SERVICES LTD,EVMAR MARINE SERVICES LTD,marine@evmar.gr,marine@evmar.gr,00302104284900,00302104284900,00302104284977,00302104284977,108171,108171,2 DEFTERAS MERARCHIAS STR,2 DEFTERAS MERARCHIAS STR,,,,,,,PIRAEUS,PIRAEUS,,,GREECE,GREECE,18535,18535,Test case is passed
1255,1255,6242,6242,107783,107783,D3754FA7-C3F0-E911-A812-000D3A86A3F8,d3754fa7-c3f0-e911-a812-000d3a86a3f8,true,true,PT Dritama Brokerindo,PT Dritama Brokerindo,,,null,null,null,null,null,null,PT Dritama Brokerindo,PT Dritama Brokerindo,PT Dritama Brokerindo,PT Dritama Brokerindo,Henry.wong@dritama.co.id,Henry.wong@dritama.co.id,62-21-4701272/73,62-21-4701272/73,62-21-4701262,62-21-4701262,108159,108159,Kompleks Perkantoran Puloma Blok XI No. 2,Kompleks Perkantoran Puloma Blok XI No. 2,Jalan Perintis Kemerdekaan,Jalan Perintis Kemerdekaan,,,,,Jakarta Timur,Jakarta Timur,,,INDONESIA,INDONESIA,13260,13260,Test case is passed
1254,1254,6240,6240,107775,107775,4DAD3C2A-27F0-E911-A812-000D3A86AD30,4dad3c2a-27f0-e911-a812-000d3a86ad30,true,true,VANGMAR INSCE BROKERS LTD,VANGMAR INSCE BROKERS LTD,,,null,null,null,null,null,null,VANGMAR INSCE BROKERS LTD,VANGMAR INSCE BROKERS LTD,VANGMAR INSCE BROKERS LTD,VANGMAR INSCE BROKERS LTD,INFO@VANGMAR.COM,INFO@VANGMAR.COM,+302104292020,+302104292020,+302104292224,+302104292224,108149,108149,9 FILELLINON STREET,9 FILELLINON STREET,,,,,,,PIRAEUS,PIRAEUS,,,GREECE,GREECE,18536,18536,Test case is passed
1253,1253,6241,6241,107719,107719,988034F2-28EF-E911-A812-000D3A86A945,988034f2-28ef-e911-a812-000d3a86a945,true,true,Risk Broking Pty Ltd,Risk Broking Pty Ltd,,,null,null,null,null,null,null,Risk Broking Pty Ltd,Risk Broking Pty Ltd,Risk Broking Pty Ltd,Risk Broking Pty Ltd,info@riskbroking.com.au,info@riskbroking.com.au,(08)82322311,(08)82322311,,,108090,108090,Level 2/86 Pirie Street,Level 2/86 Pirie Street,,,,,,,Adelaide,Adelaide,South Australia,South Australia,AUSTRALIA,AUSTRALIA,,,Test case is passed
1252,1252,6239,6239,107562,107562,D937A2C9-A3E9-E911-A812-000D3A86A3F8,d937a2c9-a3e9-e911-a812-000d3a86a3f8,true,true,Austbrokers BGA,Austbrokers BGA,,,null,null,null,null,null,null,Austbrokers BGA,Austbrokers BGA,Austbrokers BGA,Austbrokers BGA,brokers@bgabrokers.com.au,brokers@bgabrokers.com.au,0362781526,0362781526,0362286959,0362286959,107925,107925,PO Box 276,PO Box 276,Moonah,Moonah,,,,,Tasmania,Tasmania,,,AUSTRALIA,AUSTRALIA,7009,7009,Test case is passed
1251,1251,6235,6235,107430,107430,0E35C6FD-14E5-E911-A813-000D3A86A3F8,0e35c6fd-14e5-e911-a813-000d3a86a3f8,true,true,Forsyth and Nash Insurance Brokers,Forsyth and Nash Insurance Brokers,,,null,null,null,null,null,null,Forsyth and Nash Insurance Brokers,Forsyth and Nash Insurance Brokers,Forsyth and Nash Insurance Brokers,Forsyth and Nash Insurance Brokers,,,,,,,107782,107782,Post Net Suite 172,Post Net Suite 172,Private Box X16,Private Box X16,,,,,Constantia,Constantia,,,SOUTH AFRICA,SOUTH AFRICA,7848,7848,Test case is passed
1250,1250,6237,6237,107288,107288,B1225FFC-3DE0-E911-A813-000D3A86A945,b1225ffc-3de0-e911-a813-000d3a86a945,true,true,Schill Insurance Brokers,Schill Insurance Brokers,,,null,null,null,null,null,null,Schill Insurance Brokers,Schill Insurance Brokers,Schill Insurance Brokers,Schill Insurance Brokers,kschill@schillinsurance.com,kschill@schillinsurance.com,6045854445,6045854445,6045851985,6045851985,107636,107636,Schill Insurance Brokers Ltd,Schill Insurance Brokers Ltd,302-15127 100 Avenue,302-15127 100 Avenue,,,,,Surrey,Surrey,British Columbia,British Columbia,CANADA,CANADA,BC V3F 0NG,BC V3F 0NG,Test case is passed
1249,1249,6236,6236,107243,107243,DCB3D1D4-E2DE-E911-A813-000D3A86AD30,dcb3d1d4-e2de-e911-a813-000d3a86ad30,true,true,Insurnet SL Correduria de Seguros,Insurnet SL Correduria de Seguros,,,null,null,null,null,null,null,Insurnet SL Correduria de Seguros,Insurnet SL Correduria de Seguros,Insurnet SL Correduria de Seguros,Insurnet SL Correduria de Seguros,rafalacasa@insurnet.es,rafalacasa@insurnet.es,+34696522650,+34696522650,,,107591,107591,Via Sindicato 69 - 7 1,Via Sindicato 69 - 7 1,,,,,,,Palma de Mallorca,Palma de Mallorca,,,SPAIN,SPAIN,07002,07002,Test case is passed
1248,1248,6234,6234,107222,107222,E493AA3A-B6DE-E911-A813-000D3A86AC4E,e493aa3a-b6de-e911-a813-000d3a86ac4e,true,true,Griffiths & Armour Global Risks Limited,Griffiths & Armour Global Risks Limited,,,null,null,null,null,null,null,Griffiths & Armour Global Risks Limited,Griffiths & Armour Global Risks Limited,Griffiths & Armour Global Risks Limited,Griffiths & Armour Global Risks Limited,sswainbank@griffithsandarmour.com,sswainbank@griffithsandarmour.com,02070901106,02070901106,,,107570,107570,One America Square,One America Square,17 Crosswall,17 Crosswall,,,,,London,London,,,UNITED KINGDOM,UNITED KINGDOM,EC3N 2AD,EC3N 2AD,Test case is passed
1247,1247,6233,6233,107182,107182,5A6E4A66-E4DD-E911-A813-000D3A86A8CF,5a6e4a66-e4dd-e911-a813-000d3a86a8cf,true,true,Austbrokers City State Pty Ltd,Austbrokers City State Pty Ltd,,,null,null,null,null,null,null,Austbrokers City State Pty Ltd,Austbrokers City State Pty Ltd,Austbrokers City State Pty Ltd,Austbrokers City State Pty Ltd,Info@abcitystate.com.au,Info@abcitystate.com.au,02 4297 1800,02 4297 1800,02 4297 1400,02 4297 1400,107520,107520,PO Box 870,PO Box 870,,,,,,,Wollongong NSW,Wollongong NSW,,,AUSTRALIA,AUSTRALIA,2520,2520,Test case is passed
1246,1246,6232,6232,107020,107020,4BC0BD6D-85D8-E911-A814-000D3A86AA92,4bc0bd6d-85d8-e911-a814-000d3a86aa92,true,true,Siaci Saint Honore,Siaci Saint Honore,,,null,null,null,null,null,null,Siaci Saint Honore,Siaci Saint Honore,Siaci Saint Honore,Siaci Saint Honore,alain.folliot@cap-marine.com,alain.folliot@cap-marine.com,,,,,107356,107356,Espace Leader  rue Gustave Eiffel,Espace Leader  rue Gustave Eiffel,,,,,,,76235 Bois-Guillaume,76235 Bois-Guillaume,,,FRANCE,FRANCE,,,Test case is passed
1245,1245,6231,6231,107018,107018,782C99D9-84D8-E911-A813-000D3A86A945,782c99d9-84d8-e911-a813-000d3a86a945,true,true,Siaci Saint Honore,Siaci Saint Honore,,,null,null,null,null,null,null,Siaci Saint Honore,Siaci Saint Honore,Siaci Saint Honore,Siaci Saint Honore,nicolas.roux@cap-marine.com,nicolas.roux@cap-marine.com,,,,,107354,107354,Season 39  rue Mstislav Rostropovitch,Season 39  rue Mstislav Rostropovitch,,,,,,,75815 Paris Cedex 17,75815 Paris Cedex 17,,,FRANCE,FRANCE,,,Test case is passed
1244,1244,6230,6230,107016,107016,DD79F8AD-84D8-E911-A813-000D3A86AD30,dd79f8ad-84d8-e911-a813-000d3a86ad30,true,true,Siaci Saint Honore,Siaci Saint Honore,,,null,null,null,null,null,null,Siaci Saint Honore,Siaci Saint Honore,Siaci Saint Honore,Siaci Saint Honore,nicolas.loyer@cap-marine.com,nicolas.loyer@cap-marine.com,,,,,107352,107352,6 Rue Rene Viviani,6 Rue Rene Viviani,,,,,,,44200 Nantes,44200 Nantes,,,FRANCE,FRANCE,,,Test case is passed
1243,1243,6228,6228,106861,106861,D462AEA7-A4D3-E911-A813-000D3A86AC4E,d462aea7-a4d3-e911-a813-000d3a86ac4e,true,true,Tymar (WA) Pty Ltd T/as Zenith Insurance Services,Tymar (WA) Pty Ltd T/as Zenith Insurance Services,,,null,null,null,null,null,null,Tymar (WA) Pty Ltd T/as Zenith Insurance Services,Tymar (WA) Pty Ltd T/as Zenith Insurance Services,Tymar (WA) Pty Ltd T/as Zenith Insurance Services,Tymar (WA) Pty Ltd T/as Zenith Insurance Services,,,,,,,107192,107192,PO Box 121,PO Box 121,Osborne Park,Osborne Park,,,,,Western Australia,Western Australia,,,AUSTRALIA,AUSTRALIA,6917,6917,Test case is passed
1242,1242,6229,6229,106819,106819,5B0490F1-E4D2-E911-A813-000D3A86A3F8,5b0490f1-e4d2-e911-a813-000d3a86a3f8,true,true,Integro USA Inc.,Integro USA Inc.,,,null,null,null,null,null,null,Integro USA Inc.,Integro USA Inc.,Integro USA Inc.,Integro USA Inc.,,,+1 212 295 8535,+1 212 295 8535,,,107147,107147,1 State Street,1 State Street,,,,,,,New York,New York,New York,New York,UNITED STATES OF AMERICA,UNITED STATES OF AMERICA,10005,10005,Test case is passed
1241,1241,6227,6227,106667,106667,124FFCD6-FDCE-E911-A813-000D3A86AC4E,124ffcd6-fdce-e911-a813-000d3a86ac4e,true,true,Acumen Insurance Pty Ltd,Acumen Insurance Pty Ltd,,,null,null,null,null,null,null,Acumen Insurance Pty Ltd,Acumen Insurance Pty Ltd,Acumen Insurance Pty Ltd,Acumen Insurance Pty Ltd,simon@acumeninsurance.com.au,simon@acumeninsurance.com.au,+61 02 82093488,+61 02 82093488,,,106993,106993,PO Box 1755  Chatswood,PO Box 1755  Chatswood,,,,,,,NSW 2057,NSW 2057,,,AUSTRALIA,AUSTRALIA,,,Test case is passed
1240,1240,6225,6225,106534,106534,6F3D87F4-4ECA-E911-A812-000D3A86A3F8,6f3d87f4-4eca-e911-a812-000d3a86a3f8,true,true,Charlie Chan Capital Partners Pte Ltd,Charlie Chan Capital Partners Pte Ltd,,,null,null,null,null,null,null,Charlie Chan Capital Partners Pte Ltd,Charlie Chan Capital Partners Pte Ltd,Charlie Chan Capital Partners Pte Ltd,Charlie Chan Capital Partners Pte Ltd,,,,,,,106857,106857,2 Ewart Park,2 Ewart Park,,,,,,,Singapore,Singapore,,,SINGAPORE  REPUBLIC OF,SINGAPORE  REPUBLIC OF,279729,279729,Test case is passed
1239,1239,6226,6226,106531,106531,2B277EE2-4DCA-E911-A812-000D3A86AC4E,2b277ee2-4dca-e911-a812-000d3a86ac4e,true,true,Willis Towers Watson Sigorta Ve Reasurans Broker,Willis Towers Watson Sigorta Ve Reasurans Broker,,,null,null,null,null,null,null,Willis Towers Watson Sigorta Ve Reasurans Broker,Willis Towers Watson Sigorta Ve Reasurans Broker,Willis Towers Watson Sigorta Ve Reasurans Broker,Willis Towers Watson Sigorta Ve Reasurans Broker,ozdal.dalokay@willistowerswatson.com,ozdal.dalokay@willistowerswatson.com,+905396621004,+905396621004,,,106854,106854,Astoria A Kule Kat 4,Astoria A Kule Kat 4,Esentepe,Esentepe,Buyukdere Caddesi No 127,Buyukdere Caddesi No 127,,,Istanbul,Istanbul,,,TURKEY,TURKEY,34394,34394,Test case is passed
1238,1238,6223,6223,106123,106123,CCA0FA3F-98C2-E911-A992-0022480053E9,cca0fa3f-98c2-e911-a992-0022480053e9,true,true,IIZI Kindlustusmaakler AS,IIZI Kindlustusmaakler AS,,,null,null,null,null,null,null,IIZI Kindlustusmaakler AS,IIZI Kindlustusmaakler AS,IIZI Kindlustusmaakler AS,IIZI Kindlustusmaakler AS,igor.fedotov@iizi.ee,igor.fedotov@iizi.ee,+3725129424,+3725129424,,,106442,106442,Harju Maakond  ,Harju Maakond  ,Pohja-Tallinna Iinnaosa,Pohja-Tallinna Iinnaosa,Telliskivi tn 60/2,Telliskivi tn 60/2,,,Tallinn,Tallinn,,,ESTONIA  REPUBLIC OF,ESTONIA  REPUBLIC OF,10412,10412,Test case is passed
1237,1237,6162,6162,106053,106053,A73DDB33-0DC0-E911-A992-00224800510B,a73ddb33-0dc0-e911-a992-00224800510b,true,true,Marsh (PTY) LTD,Marsh (PTY) LTD,,,null,null,null,null,null,null,Marsh (PTY) LTD,Marsh (PTY) LTD,Marsh (PTY) LTD,Marsh (PTY) LTD,,,031 830 6012,031 830 6012,,,106370,106370,P.O. Box 782,P.O. Box 782,,,,,,,Umhlanga,Umhlanga,,,SOUTH AFRICA,SOUTH AFRICA,4320,4320,Test case is passed
1236,1236,6222,6222,105787,105787,CDE6946A-4CB8-E911-A992-0022480053E9,cde6946a-4cb8-e911-a992-0022480053e9,true,true,BM Property sp.z o.o.,BM Property sp.z o.o.,,,null,null,null,null,null,null,BM Property sp.z o.o.,BM Property sp.z o.o.,BM Property sp.z o.o.,BM Property sp.z o.o.,,,,,,,106100,106100,BM Property ,BM Property ,Haffnera 6,Haffnera 6,,,,,81-717 Sopot,81-717 Sopot,,,POLAND,POLAND,,,Test case is passed
1235,1235,6217,6217,105759,105759,53588421-FF1B-EA11-A811-000D3A86A8CF,53588421-ff1b-ea11-a811-000d3a86a8cf,true,true,Armstrong’s Insurance Brokers Pty Ltd,Armstrong’s Insurance Brokers Pty Ltd,null,null,null,null,null,null,null,null,Armstrong’s Insurance Brokers Pty Ltd,Armstrong’s Insurance Brokers Pty Ltd,Armstrong’s Insurance Brokers Pty Ltd,Armstrong’s Insurance Brokers Pty Ltd,office@armstrongs.net.au,office@armstrongs.net.au,03 63315455,03 63315455,03 63315488,03 63315488,106070,106070,47 Cameron Street,47 Cameron Street,Launceston,Launceston,,,,,Tasmania 7250,Tasmania 7250,,,AUSTRALIA,AUSTRALIA,,,Test case is passed
1234,1234,6220,6220,105752,105752,AB7B858A-6AB4-E911-A992-002248005D88,ab7b858a-6ab4-e911-a992-002248005d88,true,true,Hub Montreal,Hub Montreal,null,null,null,null,null,null,null,null,Hub Montreal,Hub Montreal,Hub Montreal,Hub Montreal,,,,,,,106063,106063,HUB International Quebec Limited,HUB International Quebec Limited,1010 rue Sherbrooke Ouest,1010 rue Sherbrooke Ouest,,,,,Montreal,Montreal,Quebec,Quebec,CANADA,CANADA,QC H3A 2R7,QC H3A 2R7,Test case is passed
1233,1233,6221,6221,105690,105690,C3CF21DE-03B5-E911-A992-0022480050C6,c3cf21de-03b5-e911-a992-0022480050c6,true,true,Sri Lanka Insurance Corporation Ltd,Sri Lanka Insurance Corporation Ltd,null,null,null,null,null,null,null,null,Sri Lanka Insurance Corporation Ltd,Sri Lanka Insurance Corporation Ltd,Sri Lanka Insurance Corporation Ltd,Sri Lanka Insurance Corporation Ltd,sumithr@srilankainsurance.com,sumithr@srilankainsurance.com,+94 11 235 7941,+94 11 235 7941,+94 11 2382335,+94 11 2382335,105997,105997,21 Vauxhall Street,21 Vauxhall Street,,,,,,,Colombo - 02,Colombo - 02,,,SRI LANKA,SRI LANKA,,,Test case is passed
1232,1232,6218,6218,105671,105671,68F9F207-43B4-E911-A995-0022480042B3,68f9f207-43b4-e911-a995-0022480042b3,true,true,Sri Lanka Insurance Corporation Ltd,Sri Lanka Insurance Corporation Ltd,null,null,null,null,null,null,null,null,Sri Lanka Insurance Corporation Ltd,Sri Lanka Insurance Corporation Ltd,Sri Lanka Insurance Corporation Ltd,Sri Lanka Insurance Corporation Ltd,,,,,,,105978,105978,21  Vauxhall Street  Colombo 02,21  Vauxhall Street  Colombo 02,,,,,,,Colombo,Colombo,,,SRI LANKA,SRI LANKA,,,Test case is passed
1231,1231,6219,6219,105649,105649,005D5721-52B4-E911-A992-002248005D88,005d5721-52b4-e911-a992-002248005d88,true,true,McGowan Corporate Solutions,McGowan Corporate Solutions,,,null,null,null,null,null,null,McGowan Corporate Solutions,McGowan Corporate Solutions,McGowan Corporate Solutions,McGowan Corporate Solutions,craig@mcgowancorp.co.uk,craig@mcgowancorp.co.uk,01428 661950,01428 661950,01428 661949,01428 661949,105956,105956,Longdene House ,Longdene House ,Hedgehog Lane  ,Hedgehog Lane  ,,,,,Haslemere ,Haslemere ,,,UNITED KINGDOM,UNITED KINGDOM,GU27 2PH,GU27 2PH,Test case is passed
1230,1230,6210,6210,105527,105527,BC61BCB9-40A9-E911-A994-0022480042B3,bc61bcb9-40a9-e911-a994-0022480042b3,true,true,Rainbow Coast Insurance Brokers,Rainbow Coast Insurance Brokers,null,null,null,null,null,null,null,null,Rainbow Coast Insurance Brokers,Rainbow Coast Insurance Brokers,Rainbow Coast Insurance Brokers,Rainbow Coast Insurance Brokers,rayna_robinson@rcib.com.au,rayna_robinson@rcib.com.au,+61 8 9841 8577,+61 8 9841 8577,,,105832,105832,31 Collie Street ,31 Collie Street ,,,,,,,Albany,Albany,Western Australia,Western Australia,AUSTRALIA,AUSTRALIA,6330,6330,Test case is passed
1229,1229,6216,6216,105467,105467,C4BDC679-BBAE-E911-A992-0022480053E9,c4bdc679-bbae-e911-a992-0022480053e9,true,true,Cambiaso Risso Asia Pte Ltd,Cambiaso Risso Asia Pte Ltd,null,null,null,null,null,null,null,null,Cambiaso Risso Asia Pte Ltd,Cambiaso Risso Asia Pte Ltd,Cambiaso Risso Asia Pte Ltd,Cambiaso Risso Asia Pte Ltd,marco.daini@cambiasorisso.com,marco.daini@cambiasorisso.com,+65 6586 1164,+65 6586 1164,+65 6491 6591,+65 6491 6591,79010,79010,6 Battery Road,6 Battery Road,#34-01,#34-01,,,,,Singapore,Singapore,,,SINGAPORE  REPUBLIC OF,SINGAPORE  REPUBLIC OF,049909,049909,Test case is passed
1228,1228,6215,6215,105393,105393,DB56776E-F8AD-E911-A995-0022480042B3,db56776e-f8ad-e911-a995-0022480042b3,true,true,MARCH RISK SOLUTIONSCORREDURIA DE SEGUROS Y REASEGUROS S.A.U,MARCH RISK SOLUTIONSCORREDURIA DE SEGUROS Y REASEGUROS S.A.U,,,null,null,null,null,null,null,MARCH RISK SOLUTIONSCORREDURIA DE SEGUROS Y REASEGUROS S.A.U,MARCH RISK SOLUTIONSCORREDURIA DE SEGUROS Y REASEGUROS S.A.U,MARCH RISK SOLUTIONSCORREDURIA DE SEGUROS Y REASEGUROS S.A.U,MARCH RISK SOLUTIONSCORREDURIA DE SEGUROS Y REASEGUROS S.A.U,cdelcampo@march-rs.es,cdelcampo@march-rs.es,+34917811499,+34917811499,,,105699,105699,Calle de Lagasca 88 2a ,Calle de Lagasca 88 2a ,,,,,,,Madrid ,Madrid ,,,SPAIN,SPAIN,28001,28001,Test case is passed
1227,1227,6214,6214,105387,105387,1EE0F0C9-F4AD-E911-A992-0022480053E9,1ee0f0c9-f4ad-e911-a992-0022480053e9,true,true,Circle Marine Insurance Services ,Circle Marine Insurance Services ,,,null,null,null,null,null,null,Circle Marine Insurance Services ,Circle Marine Insurance Services ,Circle Marine Insurance Services ,Circle Marine Insurance Services ,alex.hoole@circlemarine.co.uk,alex.hoole@circlemarine.co.uk,02380011858,02380011858,,,105693,105693,The White Building  Suite 1,The White Building  Suite 1,1-4 Cumberland Place,1-4 Cumberland Place,Southampton,Southampton,,,Hampshire,Hampshire,,,UNITED KINGDOM,UNITED KINGDOM,SO15 2NP,SO15 2NP,Test case is passed
1226,1226,6206,6206,105386,105386,519FD4C0-05B5-E911-A992-00224800510B,519fd4c0-05b5-e911-a992-00224800510b,true,true,3 Dimensional Insurance Ltd,3 Dimensional Insurance Ltd,null,null,null,null,null,null,null,null,3 Dimensional Insurance Ltd,3 Dimensional Insurance Ltd,3 Dimensional Insurance Ltd,3 Dimensional Insurance Ltd,alexandra.vera@3diltd.co.uk,alexandra.vera@3diltd.co.uk,,,,,105692,105692,Warlies Park House,Warlies Park House,Horseshoe Hill,Horseshoe Hill,,,,,Essex,Essex,,,UNITED KINGDOM,UNITED KINGDOM,EN9 3SL,EN9 3SL,Test case is passed
1225,1225,6212,6212,105321,105321,31C138F3-63AC-E911-A992-002248005D88,31c138f3-63ac-e911-a992-002248005d88,true,true,SMP (Sanctions Cases),SMP (Sanctions Cases),,,null,null,null,null,null,null,SMP (Sanctions Cases),SMP (Sanctions Cases),SMP (Sanctions Cases),SMP (Sanctions Cases),,,,,,,105627,105627,The Shipowners' Protection Limited,The Shipowners' Protection Limited,White Chapel Building,White Chapel Building,10 Whitechapel High Street,10 Whitechapel High Street,2nd Floor,2nd Floor,London,London,,,UNITED KINGDOM,UNITED KINGDOM,E1 8QQ,E1 8QQ,Test case is passed
1224,1224,6209,6209,105165,105165,0EDEE6F0-ABA7-E911-A990-00224800510B,0edee6f0-aba7-e911-a990-00224800510b,true,true,JMD Ross Insurance Brokers Pty Ltd,JMD Ross Insurance Brokers Pty Ltd,,,null,null,null,null,null,null,JMD Ross Insurance Brokers Pty Ltd,JMD Ross Insurance Brokers Pty Ltd,JMD Ross Insurance Brokers Pty Ltd,JMD Ross Insurance Brokers Pty Ltd,mshearer@jmdross.com.au,mshearer@jmdross.com.au,+61 02 9478 0824,+61 02 9478 0824,+61 02 9906 1199,+61 02 9906 1199,105466,105466,Level 6  1 Chandos Street,Level 6  1 Chandos Street,St Leonards,St Leonards,,,,,Sydney,Sydney,New South Wales,New South Wales,AUSTRALIA,AUSTRALIA,2065,2065,Test case is passed
1223,1223,6207,6207,104863,104863,A990C3E0-099F-E911-A98E-0022480056F9,a990c3e0-099f-e911-a98e-0022480056f9,true,true,PWS Labuan Ltd,PWS Labuan Ltd,,,null,null,null,null,null,null,PWS Labuan Ltd,PWS Labuan Ltd,PWS Labuan Ltd,PWS Labuan Ltd,shahira@pwslabuan.com,shahira@pwslabuan.com,+603 2287 7828 ,+603 2287 7828 ,+603 2287 7829,+603 2287 7829,105140,105140,A-27-6 Level 27  Menara UOA Bangsar,A-27-6 Level 27  Menara UOA Bangsar,No. 5 Jalan Bangsar Utama 1,No. 5 Jalan Bangsar Utama 1,,,,,Kuala Lumpur,Kuala Lumpur,,,MALAYSIA,MALAYSIA,59000,59000,Test case is passed
1222,1222,6199,6199,104663,104663,B97B8435-8499-E911-A98F-002248005D88,b97b8435-8499-e911-a98f-002248005d88,true,true,E Tay & Associates Sdn Bhd,E Tay & Associates Sdn Bhd,,,null,null,null,null,null,null,E Tay & Associates Sdn Bhd,E Tay & Associates Sdn Bhd,E Tay & Associates Sdn Bhd,E Tay & Associates Sdn Bhd,edward@etay.net,edward@etay.net,,,,,104939,104939,Unit 22-02 Level 22,Unit 22-02 Level 22,Menara Zurich,Menara Zurich,15 Jalan Dato Abdullah Tahir,15 Jalan Dato Abdullah Tahir,,,Johor Bahru,Johor Bahru,,,MALAYSIA,MALAYSIA,80300,80300,Test case is passed
1221,1221,6205,6205,104545,104545,51C82B1D-2797-E911-A98E-0022480056F9,51c82b1d-2797-e911-a98e-0022480056f9,true,true,Knightcorp Insurance Brokers,Knightcorp Insurance Brokers,,,null,null,null,null,null,null,Knightcorp Insurance Brokers,Knightcorp Insurance Brokers,Knightcorp Insurance Brokers,Knightcorp Insurance Brokers,insurance@knightcorp.net.au,insurance@knightcorp.net.au,61 8 9389 7372,61 8 9389 7372,,,104808,104808,Level 7,Level 7,5 Mill Street,5 Mill Street,,,,,Perth ,Perth ,WA,WA,AUSTRALIA,AUSTRALIA,6000,6000,Test case is passed
1220,1220,6121,6121,104490,104490,350CE192-5C96-E911-A98F-00224800510B,350ce192-5c96-e911-a98f-00224800510b,true,true,THB Korea Insurance Brokers Ltd,THB Korea Insurance Brokers Ltd,,,null,null,null,null,null,null,THB Korea Insurance Brokers Ltd,THB Korea Insurance Brokers Ltd,THB Korea Insurance Brokers Ltd,THB Korea Insurance Brokers Ltd,marine@thbkorea.com,marine@thbkorea.com,+8227257007,+8227257007,,,104752,104752,Suite 502  Taesung Bldg. ,Suite 502  Taesung Bldg. ,#22 Sejong-daero 21-gil  Jung-gu ,#22 Sejong-daero 21-gil  Jung-gu ,,,,,Seoul,Seoul,,,KOREA  REPUBLIC OF,KOREA  REPUBLIC OF,04519,04519,Test case is passed
1219,1219,6204,6204,104392,104392,9C989E72-7392-E911-A98E-0022480056F9,9c989e72-7392-e911-a98e-0022480056f9,true,true,BIB INSURANCE BROKERS SDN BHD,BIB INSURANCE BROKERS SDN BHD,,,null,null,null,null,null,null,BIB INSURANCE BROKERS SDN BHD,BIB INSURANCE BROKERS SDN BHD,BIB INSURANCE BROKERS SDN BHD,BIB INSURANCE BROKERS SDN BHD,creditcontrol@bib.com.my,creditcontrol@bib.com.my,603 9078 2480,603 9078 2480,60.3 9078 2485,60.3 9078 2485,104652,104652,LOT 05.01  LEVEL 5 ,LOT 05.01  LEVEL 5 ,WISMA HONG LEONG ,WISMA HONG LEONG ,NO. 18  JALAN PERAK ,NO. 18  JALAN PERAK ,,,50450 KL,50450 KL,,,MALAYSIA,MALAYSIA,,,Test case is passed
1218,1218,6191,6191,104356,104356,10FD6152-BA91-E911-A990-0022480053E9,10fd6152-ba91-e911-a990-0022480053e9,true,true,Marsh LLC Insurance Brokers,Marsh LLC Insurance Brokers,,,null,null,null,null,null,null,Marsh LLC Insurance Brokers,Marsh LLC Insurance Brokers,Marsh LLC Insurance Brokers,Marsh LLC Insurance Brokers,Nikolaos.Rekantzis@marsh.com,Nikolaos.Rekantzis@marsh.com,+30 210 8176 075,+30 210 8176 075,+30 210 8176 040,+30 210 8176 040,104615,104615,8-10 Sorou and Dimitsanas  ,8-10 Sorou and Dimitsanas  ,15125 Marousi ,15125 Marousi ,,,,,Athens,Athens,,,GREECE,GREECE,,,Test case is passed
1217,1217,6200,6200,104274,104274,D3ED9E57-968E-E911-A98E-002248005D88,d3ed9e57-968e-e911-a98e-002248005d88,true,true,Craig Stansfield Ltd T/A CS Insurance Brokers,Craig Stansfield Ltd T/A CS Insurance Brokers,,,null,null,null,null,null,null,Craig Stansfield Ltd T/A CS Insurance Brokers,Craig Stansfield Ltd T/A CS Insurance Brokers,Craig Stansfield Ltd T/A CS Insurance Brokers,Craig Stansfield Ltd T/A CS Insurance Brokers,ag@csinsurance.london,ag@csinsurance.london,02039629971,02039629971,,,104529,104529,6th Floor  Dukes House ,6th Floor  Dukes House ,32-38 Dukes Place ,32-38 Dukes Place ,,,,,London,London,,,UNITED KINGDOM,UNITED KINGDOM,EC3A 7LP,EC3A 7LP,Test case is passed
1216,1216,6202,6202,104271,104271,733280E9-958E-E911-A98E-002248005D88,733280e9-958e-e911-a98e-002248005d88,true,true,Pioneer Insurance & Reinsurance Brokers Pvt Ltd,Pioneer Insurance & Reinsurance Brokers Pvt Ltd,,,null,null,null,null,null,null,Pioneer Insurance & Reinsurance Brokers Pvt Ltd,Pioneer Insurance & Reinsurance Brokers Pvt Ltd,Pioneer Insurance & Reinsurance Brokers Pvt Ltd,Pioneer Insurance & Reinsurance Brokers Pvt Ltd,gsharma@pincinsure.com,gsharma@pincinsure.com,912266188548,912266188548,,,104526,104526,1219 Maker Chambers-V,1219 Maker Chambers-V,Nariman Point,Nariman Point,,,,,Mumbai,Mumbai,,,INDIA,INDIA,400021,400021,Test case is passed
1215,1215,6201,6201,104225,104225,41D71FFC-C08D-E911-A992-0022480042B3,41d71ffc-c08d-e911-a992-0022480042b3,true,true,Hub International Ontario,Hub International Ontario,,,null,null,null,null,null,null,Hub International Ontario,Hub International Ontario,Hub International Ontario,Hub International Ontario,,,,,,,104480,104480,HUB International Ontario Limited,HUB International Ontario Limited,595 Bay Street  Suite 900,595 Bay Street  Suite 900,,,,,Toronto,Toronto,Ontario,Ontario,CANADA,CANADA,M5G 2E3,M5G 2E3,Test case is passed
1214,1214,6196,6196,104076,104076,5CA14761-3F88-E911-A98F-0022480053E9,5ca14761-3f88-e911-a98f-0022480053e9,true,true,Shangri-La Hotel Public Company Ltd,Shangri-La Hotel Public Company Ltd,,,null,null,null,null,null,null,Shangri-La Hotel Public Company Ltd,Shangri-La Hotel Public Company Ltd,Shangri-La Hotel Public Company Ltd,Shangri-La Hotel Public Company Ltd,,,,,,,104330,104330,89 Soi Wat Suan Plu  New Road  Bangrak,89 Soi Wat Suan Plu  New Road  Bangrak,,,,,,,Bangkok,Bangkok,,,THAILAND,THAILAND,10500,10500,Test case is passed
1213,1213,6197,6197,104074,104074,CF9448B3-3B88-E911-A992-0022480042B3,cf9448b3-3b88-e911-a992-0022480042b3,true,true,CR Orion,CR Orion,,,null,null,null,null,null,null,CR Orion,CR Orion,CR Orion,CR Orion,nick.little@crorion.com,nick.little@crorion.com,0097143697287,0097143697287,,,104328,104328,2301 Fortune Executive Tower  ,2301 Fortune Executive Tower  ,JLT ,JLT ,PO Box 309118  ,PO Box 309118  ,,,Dubai,Dubai,,,UNITED ARAB EMIRATES,UNITED ARAB EMIRATES,,,Test case is passed
1212,1212,6195,6195,103939,103939,8A94C1AB-AA83-E911-A98D-0022480053E9,8a94c1ab-aa83-e911-a98d-0022480053e9,true,true,HdB Srl,HdB Srl,,,null,null,null,null,null,null,HdB Srl,HdB Srl,HdB Srl,HdB Srl,,,,,,,104178,104178,Via Roma 6/10,Via Roma 6/10,16121,16121,,,,,Genova,Genova,,,ITALY,ITALY,,,Test case is passed
1211,1211,6194,6194,103901,103901,8ADB49C6-DE82-E911-A98B-0022480056F9,8adb49c6-de82-e911-a98b-0022480056f9,true,true,Sparaxis Pty Ltd t/as CentreWest Insurance Broker ,Sparaxis Pty Ltd t/as CentreWest Insurance Broker ,,,null,null,null,null,null,null,Sparaxis Pty Ltd t/as CentreWest Insurance Broker ,Sparaxis Pty Ltd t/as CentreWest Insurance Broker ,Sparaxis Pty Ltd t/as CentreWest Insurance Broker ,Sparaxis Pty Ltd t/as CentreWest Insurance Broker ,enquiries@centrewest.com.au,enquiries@centrewest.com.au,61893497900,61893497900,61893497677,61893497677,104140,104140,Centrewest Insurance Broker ,Centrewest Insurance Broker ,PO box 636,PO box 636,,,,,Balcatta WA,Balcatta WA,,,AUSTRALIA,AUSTRALIA,6914,6914,Test case is passed
1210,1210,6193,6193,103805,103805,688115D4-5D81-E911-A98C-00224800510B,688115d4-5d81-e911-a98c-00224800510b,true,true,PT Adonai Pialang Asuransi,PT Adonai Pialang Asuransi,,,null,null,null,null,null,null,PT Adonai Pialang Asuransi,PT Adonai Pialang Asuransi,PT Adonai Pialang Asuransi,PT Adonai Pialang Asuransi,aditya@adonai.co.id,aditya@adonai.co.id,628111562333,628111562333,,,104043,104043,Graha Adonai ,Graha Adonai ,Ruko Taman ,Ruko Taman ,Bougenville Estate Blok A,Bougenville Estate Blok A,No. 33-34  Jatibening  ,No. 33-34  Jatibening  ,Kalimalang  Bekasi,Kalimalang  Bekasi,,,INDONESIA,INDONESIA,,,Test case is passed
1209,1209,6192,6192,103787,103787,BE8B25C9-1F81-E911-A990-0022480042B3,be8b25c9-1f81-e911-a990-0022480042b3,true,true,Principal Re Limited,Principal Re Limited,,,null,null,null,null,null,null,Principal Re Limited,Principal Re Limited,Principal Re Limited,Principal Re Limited,amalia@principalrelimited.com,amalia@principalrelimited.com,60378319859,60378319859,60378314859,60378314859,104025,104025,No. 7A Tingkat 1,No. 7A Tingkat 1,Jalan Juruwang B U1/B,Jalan Juruwang B U1/B,Laman Glenmarie,Laman Glenmarie,40150 Shah Alam,40150 Shah Alam,Selangor,Selangor,,,MALAYSIA,MALAYSIA,,,Test case is passed
1208,1208,6190,6190,103588,103588,83833CFA-A17B-E911-A98D-0022480053E9,83833cfa-a17b-e911-a98d-0022480053e9,true,true,Lion Underwriting Pty Ltd,Lion Underwriting Pty Ltd,,,null,null,null,null,null,null,Lion Underwriting Pty Ltd,Lion Underwriting Pty Ltd,Lion Underwriting Pty Ltd,Lion Underwriting Pty Ltd,kurt@lionunderwriting.com.au,kurt@lionunderwriting.com.au,0280428200,0280428200,,,103819,103819,Unit 34  17 Carins Street,Unit 34  17 Carins Street,,,,,,,Loganholme,Loganholme,QLD,QLD,AUSTRALIA,AUSTRALIA,,,Test case is passed
1207,1207,6188,6188,103413,103413,31EDE661-6176-E911-A990-0022480042B3,31ede661-6176-e911-a990-0022480042b3,true,true,CKRe Limited,CKRe Limited,,,null,null,null,null,null,null,CKRe Limited,CKRe Limited,CKRe Limited,CKRe Limited,amit.s@ckre.co.uk,amit.s@ckre.co.uk,+44 (0)20 7929 7017,+44 (0)20 7929 7017,,,103638,103638,1st Floor,1st Floor,10 Fenchurch Street,10 Fenchurch Street,,,,,London,London,,,UNITED KINGDOM,UNITED KINGDOM,EDC3M 3BE,EDC3M 3BE,Test case is passed
1206,1206,6187,6187,103396,103396,1E754D6A-2976-E911-A98C-00224800510B,1e754d6a-2976-e911-a98c-00224800510b,true,true,Insurance Advisory Service (NSW) Pty Ltd,Insurance Advisory Service (NSW) Pty Ltd,,,null,null,null,null,null,null,Insurance Advisory Service (NSW) Pty Ltd,Insurance Advisory Service (NSW) Pty Ltd,Insurance Advisory Service (NSW) Pty Ltd,Insurance Advisory Service (NSW) Pty Ltd,info@insuranceadvisoryservice.com.au,info@insuranceadvisoryservice.com.au,0282682900,0282682900,0282682901,0282682901,103621,103621,PO Box 1073,PO Box 1073,,,,,,,North Sydney NSW 2060,North Sydney NSW 2060,,,AUSTRALIA,AUSTRALIA,,,Test case is passed
1205,1205,6185,6185,103391,103391,E88F9EBE-2876-E911-A98C-00224800510B,e88f9ebe-2876-e911-a98c-00224800510b,true,true,Aelia Assurances SA,Aelia Assurances SA,,,null,null,null,null,null,null,Aelia Assurances SA,Aelia Assurances SA,Aelia Assurances SA,Aelia Assurances SA,Christelle.Labeyrie@Aelia-Assurances.CH,Christelle.Labeyrie@Aelia-Assurances.CH,+41 (0) 225 255 771,+41 (0) 225 255 771,,,103616,103616,Avenue Louis-Casai 18,Avenue Louis-Casai 18,,,,,,,Geneve,Geneve,,,SWITZERLAND,SWITZERLAND,1209,1209,Test case is passed
1204,1204,6186,6186,103387,103387,2D14C17A-2576-E911-A98C-00224800510B,2d14c17a-2576-e911-a98c-00224800510b,true,true,ASCAIR GmbH,ASCAIR GmbH,,,null,null,null,null,null,null,ASCAIR GmbH,ASCAIR GmbH,ASCAIR GmbH,ASCAIR GmbH,info@ascair.de,info@ascair.de,+49 8856 80528,+49 8856 80528,+49 8856 80528-29,+49 8856 80528-29,103612,103612,Bahnhofstrasse 6,Bahnhofstrasse 6,,,,,,,Penzberg,Penzberg,,,GERMANY,GERMANY,82377,82377,Test case is passed
1203,1203,6184,6184,102902,102902,E89BFA68-3068-E911-A98C-002248005D88,e89bfa68-3068-e911-a98c-002248005d88,true,true,Star Ins,Star Ins,,,null,null,null,null,null,null,Star Ins,Star Ins,Star Ins,Star Ins,,,,,,,103102,103102,Peyo Yavorov str.  fl. 2  office 3,Peyo Yavorov str.  fl. 2  office 3,,,,,,,Sofia,Sofia,,,BULGARIA,BULGARIA,130927224,130927224,Test case is passed
1202,1202,6183,6183,102883,102883,7266343F-1368-E911-A98C-00224800510B,7266343f-1368-e911-a98c-00224800510b,true,true,TCC Company Limited,TCC Company Limited,,,null,null,null,null,null,null,TCC Company Limited,TCC Company Limited,TCC Company Limited,TCC Company Limited,,,,,,,103083,103083,175-177 Bangkok Union Insurance Building,175-177 Bangkok Union Insurance Building,4th Floor  Unit 2  Surawongse Road,4th Floor  Unit 2  Surawongse Road,Suriyawongse  Bangrak,Suriyawongse  Bangrak,,,Bangkok  10500,Bangkok  10500,,,THAILAND,THAILAND,,,Test case is passed
1201,1201,6181,6181,102432,102432,CF3CFD50-A865-E911-A990-0022480042B3,cf3cfd50-a865-e911-a990-0022480042b3,true,true,Chartered Insurance Solutions Co Ltd,Chartered Insurance Solutions Co Ltd,,,null,null,null,null,null,null,Chartered Insurance Solutions Co Ltd,Chartered Insurance Solutions Co Ltd,Chartered Insurance Solutions Co Ltd,Chartered Insurance Solutions Co Ltd,c.sik@chartered.co.th,c.sik@chartered.co.th,+662 180 6789,+662 180 6789,+662 180 6798,+662 180 6798,102631,102631,Ari Hills  17/B Floor,Ari Hills  17/B Floor,No. 428 Phahonyothin Rd,No. 428 Phahonyothin Rd,,,,,Samsennai Phayathai Bangkok,Samsennai Phayathai Bangkok,,,THAILAND,THAILAND,10400,10400,Test case is passed
1200,1200,6180,6180,102388,102388,036D4C82-E061-E911-A98C-00224800510B,036d4c82-e061-e911-a98c-00224800510b,true,true,Sector Associates Ltd,Sector Associates Ltd,,,null,null,null,null,null,null,Sector Associates Ltd,Sector Associates Ltd,Sector Associates Ltd,Sector Associates Ltd,,,,,,,102585,102585,GFI Teleware House,GFI Teleware House,,,,,,,THIRSK,THIRSK,,,UNITED KINGDOM,UNITED KINGDOM,YO7 3BX,YO7 3BX,Test case is passed
1199,1199,6179,6179,102147,102147,0448FFBC-4D5C-E911-A98F-0022480042B3,0448ffbc-4d5c-e911-a98f-0022480042b3,true,true,Prosper Insurance Agents and Consultants Ltd,Prosper Insurance Agents and Consultants Ltd,,,null,null,null,null,null,null,Prosper Insurance Agents and Consultants Ltd,Prosper Insurance Agents and Consultants Ltd,Prosper Insurance Agents and Consultants Ltd,Prosper Insurance Agents and Consultants Ltd,prosper@cytanet.com.cy,prosper@cytanet.com.cy,0035799634119,0035799634119,,,102341,102341,36 G Averof Str. 6052,36 G Averof Str. 6052,,,,,,,Larnaca,Larnaca,,,CYPRUS,CYPRUS,,,Test case is passed
1198,1198,6178,6178,101893,101893,B412A082-2856-E911-A98F-0022480042B3,b412a082-2856-e911-a98f-0022480042b3,true,true,ES Risks Limited,ES Risks Limited,,,null,null,null,null,null,null,ES Risks Limited,ES Risks Limited,ES Risks Limited,ES Risks Limited,david.seddon@esrisks.com,david.seddon@esrisks.com,02079775200,02079775200,,,102081,102081,2 ,2 ,America Square ,America Square ,,,,,London,London,,,UNITED KINGDOM,UNITED KINGDOM,EC3N 2LU,EC3N 2LU,Test case is passed
1197,1197,6177,6177,101877,101877,118C94DA-1156-E911-A98A-00224800510B,118c94da-1156-e911-a98a-00224800510b,true,true,Northern Lloyd Insurance Services GmbH,Northern Lloyd Insurance Services GmbH,,,null,null,null,null,null,null,Northern Lloyd Insurance Services GmbH,Northern Lloyd Insurance Services GmbH,Northern Lloyd Insurance Services GmbH,Northern Lloyd Insurance Services GmbH,Ji.suh@northernlloyd.com,Ji.suh@northernlloyd.com,+49 421 59 60 65 17,+49 421 59 60 65 17,,,102065,102065,Herrlichkeit 4,Herrlichkeit 4,,,,,,,Bremen,Bremen,,,GERMANY,GERMANY,28199,28199,Test case is passed
1196,1196,6176,6176,101621,101621,8C382FE7-4751-E911-A98B-002248005D88,8c382fe7-4751-e911-a98b-002248005d88,true,true,Ouest Assurances ,Ouest Assurances ,,,null,null,null,null,null,null,Ouest Assurances ,Ouest Assurances ,Ouest Assurances ,Ouest Assurances ,contact@ouest-assurances.fr,contact@ouest-assurances.fr,+33 (0)2 9982 5334,+33 (0)2 9982 5334,,,101800,101800,Ouest Assurances,Ouest Assurances,Immeuble Newquay,Immeuble Newquay,10 Avenue A. Conti,10 Avenue A. Conti,,,Saint-Nalo,Saint-Nalo,,,FRANCE,FRANCE,35400,35400,Test case is passed
1195,1195,6175,6175,101603,101603,9FF2BB35-A950-E911-A98C-0022480053E9,9ff2bb35-a950-e911-a98c-0022480053e9,true,true,Olsare Ecuador S.A. Intermediario De Reaseguros,Olsare Ecuador S.A. Intermediario De Reaseguros,,,null,null,null,null,null,null,Olsare Ecuador S.A. Intermediario De Reaseguros,Olsare Ecuador S.A. Intermediario De Reaseguros,Olsare Ecuador S.A. Intermediario De Reaseguros,Olsare Ecuador S.A. Intermediario De Reaseguros,gidgsy.macias@olsare.com,gidgsy.macias@olsare.com,593-046014451,593-046014451,,,101782,101782,CDLA. BAHIA NORTE MZ,CDLA. BAHIA NORTE MZ,57 OLARE 2,57 OLARE 2,EDIFICIO SKY BUILDING ,EDIFICIO SKY BUILDING ,,,PISO 2 OFICINA 202,PISO 2 OFICINA 202,,,ECUADOR,ECUADOR,,,Test case is passed
1194,1194,6174,6174,101350,101350,D6A14C98-1C4B-E911-A98A-00224800510B,d6a14c98-1c4b-e911-a98a-00224800510b,true,true,Marsh GmbH,Marsh GmbH,,,null,null,null,null,null,null,Marsh GmbH,Marsh GmbH,Marsh GmbH,Marsh GmbH,,,+49 (0)40376920,+49 (0)40376920,,,101523,101523,Neuer Dovenhof,Neuer Dovenhof,Brandstwiete 1,Brandstwiete 1,20457,20457,,,Hamburg,Hamburg,,,GERMANY,GERMANY,,,Test case is passed
1193,1193,6173,6173,101311,101311,2A8C7E4D-664A-E911-A98C-0022480053E9,2a8c7e4d-664a-e911-a98c-0022480053e9,true,true,Rhodes Risk Advisors  LLC,Rhodes Risk Advisors  LLC,,,null,null,null,null,null,null,Rhodes Risk Advisors  LLC,Rhodes Risk Advisors  LLC,Rhodes Risk Advisors  LLC,Rhodes Risk Advisors  LLC,admin@rhodesra.com,admin@rhodesra.com,4049026428,4049026428,6786492106,6786492106,101484,101484,Rhodes Risk Advisors  LLC,Rhodes Risk Advisors  LLC,3340 Peachtree Road,3340 Peachtree Road,,,,,Atlanta,Atlanta,,,UNITED STATES OF AMERICA,UNITED STATES OF AMERICA,GA 30326,GA 30326,Test case is passed
1192,1192,6171,6171,100942,100942,4EFC5E32-E543-E911-A989-002248005D88,4efc5e32-e543-e911-a989-002248005d88,true,true,Bruce Chiene Pty Ltd,Bruce Chiene Pty Ltd,,,null,null,null,null,null,null,Bruce Chiene Pty Ltd,Bruce Chiene Pty Ltd,Bruce Chiene Pty Ltd,Bruce Chiene Pty Ltd,chiene@brucechiene.com,chiene@brucechiene.com,+61 02 98682199,+61 02 98682199,+61 02 98682099,+61 02 98682099,101113,101113,Shop 21  74-76 Rawson Street ,Shop 21  74-76 Rawson Street ,,,,,,,Epping  Sydney  NSW ,Epping  Sydney  NSW ,,,AUSTRALIA,AUSTRALIA,2121,2121,Test case is passed
1191,1191,6169,6169,100939,100939,EECFDFD5-E443-E911-A988-0022480056F9,eecfdfd5-e443-e911-a988-0022480056f9,true,true,PT. Pandi Indonesia,PT. Pandi Indonesia,,,null,null,null,null,null,null,PT. Pandi Indonesia,PT. Pandi Indonesia,PT. Pandi Indonesia,PT. Pandi Indonesia,pandiadm1@gmail.com,pandiadm1@gmail.com,+62 21 84303080,+62 21 84303080,,,101110,101110,Bukit Golf Riverside,Bukit Golf Riverside,Cibubur Ruko Centre Point,Cibubur Ruko Centre Point,Blok AA 4 No. 9,Blok AA 4 No. 9,Gunung Putri,Gunung Putri,Bogor 16963,Bogor 16963,,,INDONESIA,INDONESIA,,,Test case is passed
1190,1190,6151,6151,100780,100780,B77443BA-BA40-E911-A989-002248005D88,b77443ba-ba40-e911-a989-002248005d88,true,true,PSC Property Lync Insurance Brokers Pty Ltd,PSC Property Lync Insurance Brokers Pty Ltd,,,null,null,null,null,null,null,PSC Property Lync Insurance Brokers Pty Ltd,PSC Property Lync Insurance Brokers Pty Ltd,PSC Property Lync Insurance Brokers Pty Ltd,PSC Property Lync Insurance Brokers Pty Ltd,info@lyncinsure.com.au,info@lyncinsure.com.au,1300 127503,1300 127503,,,100919,100919,PO Box 7476,PO Box 7476,Cloisters Square PO,Cloisters Square PO,,,,,WA,WA,,,AUSTRALIA,AUSTRALIA,6850,6850,Test case is passed
1189,1189,6165,6165,100384,100384,55C0F60B-453B-E911-A987-0022480056F9,55c0f60b-453b-e911-a987-0022480056f9,true,true,Conseil et Gestion D'Assurance SAL (CGA),Conseil et Gestion D'Assurance SAL (CGA),,,null,null,null,null,null,null,Conseil et Gestion D'Assurance SAL (CGA),Conseil et Gestion D'Assurance SAL (CGA),Conseil et Gestion D'Assurance SAL (CGA),Conseil et Gestion D'Assurance SAL (CGA),management@cga-assurance.com,management@cga-assurance.com,009614715546,009614715546,,,100503,100503,POBOX: 16-5851 Ashafieh Beirut,POBOX: 16-5851 Ashafieh Beirut,,,,,,,Beirut,Beirut,,,LEBANON,LEBANON,,,Test case is passed
1188,1188,6153,6153,100302,100302,F653C242-D739-E911-A98D-0022480042B3,f653c242-d739-e911-a98d-0022480042b3,true,true,County Hooper Dolan Insurances Limited,County Hooper Dolan Insurances Limited,,,null,null,null,null,null,null,County Hooper Dolan Insurances Limited,County Hooper Dolan Insurances Limited,County Hooper Dolan Insurances Limited,County Hooper Dolan Insurances Limited,,,00 353 1 2819754,00 353 1 2819754,,,100415,100415,County Hooper Dolan Insurances Limited,County Hooper Dolan Insurances Limited,Main Street,Main Street,,,,,Newtownmountkennedy,Newtownmountkennedy,Co. Wicklow,Co. Wicklow,IRELAND REPUBLIC OF,IRELAND REPUBLIC OF,,,Test case is passed
1187,1187,6164,6164,100017,100017,645F7E21-EA35-E911-A986-0022480056F9,645f7e21-ea35-e911-a986-0022480056f9,true,true,Gras Savoye Insurance Broker LLC,Gras Savoye Insurance Broker LLC,,,null,null,null,null,null,null,Gras Savoye Insurance Broker LLC,Gras Savoye Insurance Broker LLC,Gras Savoye Insurance Broker LLC,Gras Savoye Insurance Broker LLC,contact@grassavoye.ae,contact@grassavoye.ae,97124451170,97124451170,97124451171,97124451171,100124,100124,Gras Savoye Gulf Insurance Broker LLC,Gras Savoye Gulf Insurance Broker LLC,Airport road,Airport road,Same bldg of NBK - national bank of kuwait,Same bldg of NBK - national bank of kuwait,,,Abu Dhabi,Abu Dhabi,,,UNITED ARAB EMIRATES,UNITED ARAB EMIRATES,,,Test case is passed
1186,1186,6163,6163,100002,100002,8826702E-CE35-E911-A98C-0022480042B3,8826702e-ce35-e911-a98c-0022480042b3,true,true,Lockton Companies (Singapore) Pte Ltd.,Lockton Companies (Singapore) Pte Ltd.,,,null,null,null,null,null,null,Lockton Companies (Singapore) Pte Ltd.,Lockton Companies (Singapore) Pte Ltd.,Lockton Companies (Singapore) Pte Ltd.,Lockton Companies (Singapore) Pte Ltd.,sarogenei.k@asia.lockton.com,sarogenei.k@asia.lockton.com,+65 6221 1288,+65 6221 1288,+65 6225 0682,+65 6225 0682,100108,100108,6 Raffles Quay,6 Raffles Quay,#19-01,#19-01,,,,,Singapore 048580,Singapore 048580,,,SINGAPORE  REPUBLIC OF,SINGAPORE  REPUBLIC OF,,,Test case is passed
1185,1185,6161,6161,99033,99033,B73769C1-4530-E911-A984-0022480053E9,b73769c1-4530-e911-a984-0022480053e9,true,true,NDI INSURANCE & REINSURANCE BROKERS LTD,NDI INSURANCE & REINSURANCE BROKERS LTD,,,null,null,null,null,null,null,NDI INSURANCE & REINSURANCE BROKERS LTD,NDI INSURANCE & REINSURANCE BROKERS LTD,NDI INSURANCE & REINSURANCE BROKERS LTD,NDI INSURANCE & REINSURANCE BROKERS LTD,chris@ndiinsurance.co.uk,chris@ndiinsurance.co.uk,+44 (0) 1603677790,+44 (0) 1603677790,,,99124,99124,NDI INSURANCE & REINSURANCE BROKERS LTD,NDI INSURANCE & REINSURANCE BROKERS LTD,9th Floor Norfolk Tower,9th Floor Norfolk Tower,48-52 Surrey Street,48-52 Surrey Street,Norwich,Norwich,Norfolk,Norfolk,,,UNITED KINGDOM,UNITED KINGDOM,NR1 3PA,NR1 3PA,Test case is passed
1184,1184,6160,6160,98263,98263,A7BD7D40-932B-E911-A985-00224800510B,a7bd7d40-932b-e911-a985-00224800510b,true,true,ALFREDO JAVIER ARCE ARCE,ALFREDO JAVIER ARCE ARCE,,,null,null,null,null,null,null,ALFREDO JAVIER ARCE ARCE,ALFREDO JAVIER ARCE ARCE,ALFREDO JAVIER ARCE ARCE,ALFREDO JAVIER ARCE ARCE,lfredoarce@arcebroker.com,lfredoarce@arcebroker.com,(51) 996147047,(51) 996147047,,,98322,98322,CALLE DUBLIN 110  OFICINA 401,CALLE DUBLIN 110  OFICINA 401,SURQUILLO,SURQUILLO,,,,,LIMA,LIMA,,,PERU,PERU,,,Test case is passed
1183,1183,6159,6159,98119,98119,09439AA3-C62A-E911-A988-0022480050C6,09439aa3-c62a-e911-a988-0022480050c6,true,true,Kyoritsu Insurance Brokers (Thailand) Co.  Ltd.,Kyoritsu Insurance Brokers (Thailand) Co.  Ltd.,,,null,null,null,null,null,null,Kyoritsu Insurance Brokers (Thailand) Co.  Ltd.,Kyoritsu Insurance Brokers (Thailand) Co.  Ltd.,Kyoritsu Insurance Brokers (Thailand) Co.  Ltd.,Kyoritsu Insurance Brokers (Thailand) Co.  Ltd.,pichiticc@gmail.com,pichiticc@gmail.com,,,,,98164,98164,1168/83 Lumpini Tower,1168/83 Lumpini Tower,28th Floor  Rama 4 Road  Khet Sathorn,28th Floor  Rama 4 Road  Khet Sathorn,,,,,Bangkok 10120,Bangkok 10120,,,THAILAND,THAILAND,.,.,Test case is passed
1182,1182,6157,6157,97445,97445,BB5F2759-6528-E911-A987-002248005D88,bb5f2759-6528-e911-a987-002248005d88,true,true,Bolea Saez Servicios S.L.,Bolea Saez Servicios S.L.,,,null,null,null,null,null,null,Bolea Saez Servicios S.L.,Bolea Saez Servicios S.L.,Bolea Saez Servicios S.L.,Bolea Saez Servicios S.L.,joseangel@boleasaez.com,joseangel@boleasaez.com,+34 686 994 346,+34 686 994 346,+34 968 321 736,+34 968 321 736,97486,97486,Plaza Alcolea No18  2A,Plaza Alcolea No18  2A,,,,,,,30201 Cartagena,30201 Cartagena,,,SPAIN,SPAIN,,,Test case is passed
1181,1181,6158,6158,97426,97426,2BCAAFB5-3D26-E911-A98B-0022480042B3,2bcaafb5-3d26-e911-a98b-0022480042b3,true,true,Brown & Brown of Washington Inc,Brown & Brown of Washington Inc,,,null,null,null,null,null,null,Brown & Brown of Washington Inc,Brown & Brown of Washington Inc,Brown & Brown of Washington Inc,Brown & Brown of Washington Inc,ABone@bbseattle.com,ABone@bbseattle.com,,,,,97462,97462,800 5th Avenue Suite 2400,800 5th Avenue Suite 2400,,,,,,,Seattle,Seattle,,,UNITED STATES OF AMERICA,UNITED STATES OF AMERICA,WA 98104,WA 98104,Test case is passed
1180,1180,6156,6156,97302,97302,E4BF1166-5525-E911-A988-0022480050C6,e4bf1166-5525-e911-a988-0022480050c6,true,true,Tolehouse Risk Services Pty Ltd,Tolehouse Risk Services Pty Ltd,,,null,null,null,null,null,null,Tolehouse Risk Services Pty Ltd,Tolehouse Risk Services Pty Ltd,Tolehouse Risk Services Pty Ltd,Tolehouse Risk Services Pty Ltd,simon.race@tolehouse.com.au,simon.race@tolehouse.com.au,+61 8 9321 1334,+61 8 9321 1334,,,97334,97334,Suite 1  The Esplanade,Suite 1  The Esplanade,Mount Pleasant,Mount Pleasant,Western Australia,Western Australia,,,6153,6153,,,AUSTRALIA,AUSTRALIA,,,Test case is passed
1179,1179,6155,6155,97217,97217,01DC365C-9E24-E911-A987-002248005D88,01dc365c-9e24-e911-a987-002248005d88,true,true,Howden Insurance Brokers LLC,Howden Insurance Brokers LLC,,,null,null,null,null,null,null,Howden Insurance Brokers LLC,Howden Insurance Brokers LLC,Howden Insurance Brokers LLC,Howden Insurance Brokers LLC,vivek.sharan@howdengroup.com,vivek.sharan@howdengroup.com,0097143573835,0097143573835,,,97248,97248,Howden Insurance Brokers LLC,Howden Insurance Brokers LLC,PO Box: 49195  Office #305,PO Box: 49195  Office #305,Al Nasr Plaza Bldg,Al Nasr Plaza Bldg,Oud Metha,Oud Metha,Dubai,Dubai,,,UNITED ARAB EMIRATES,UNITED ARAB EMIRATES,,,Test case is passed
1178,1178,6154,6154,97112,97112,30783536-7524-E911-A985-00224800510B,30783536-7524-e911-a985-00224800510b,true,true,Perinsuran (Brokar) Sdn Bhd,Perinsuran (Brokar) Sdn Bhd,,,null,null,null,null,null,null,Perinsuran (Brokar) Sdn Bhd,Perinsuran (Brokar) Sdn Bhd,Perinsuran (Brokar) Sdn Bhd,Perinsuran (Brokar) Sdn Bhd,,,603 7960 4921,603 7960 4921,603 7960 4920,603 7960 4920,97143,97143,Unit 308  Block D ,Unit 308  Block D ,Phileo Damansara 1,Phileo Damansara 1,,,,,Petaling Jaya Selangor,Petaling Jaya Selangor,,,MALAYSIA,MALAYSIA,46350,46350,Test case is passed
1177,1177,6152,6152,96223,96223,04FFABD6-7819-E911-A988-0022480050C6,04ffabd6-7819-e911-a988-0022480050c6,true,true,Transnational Insurance Brokers (M) Sdn Bhd,Transnational Insurance Brokers (M) Sdn Bhd,,,null,null,null,null,null,null,Transnational Insurance Brokers (M) Sdn Bhd,Transnational Insurance Brokers (M) Sdn Bhd,Transnational Insurance Brokers (M) Sdn Bhd,Transnational Insurance Brokers (M) Sdn Bhd,phng@transnat.com.my,phng@transnat.com.my,+6082 455841,+6082 455841,+6082 456841,+6082 456841,96238,96238,1st & 2nd Floor  Wisma TIB,1st & 2nd Floor  Wisma TIB, 3rd Mile  Central Avenue, 3rd Mile  Central Avenue,Jalan Tan Sri Datuk Amar Kalong Ningkan,Jalan Tan Sri Datuk Amar Kalong Ningkan,93250 Kuching,93250 Kuching,Sarawak ,Sarawak ,,,MALAYSIA,MALAYSIA,,,Test case is passed
1176,1176,6150,6150,95822,95822,10367892-2814-E911-A985-002248005D88,10367892-2814-e911-a985-002248005d88,true,true,eUNDERWRITERS Managing General Agent,eUNDERWRITERS Managing General Agent,,,null,null,null,null,null,null,eUNDERWRITERS Managing General Agent,eUNDERWRITERS Managing General Agent,eUNDERWRITERS Managing General Agent,eUNDERWRITERS Managing General Agent,jcarlton@eunderwriters.ca,jcarlton@eunderwriters.ca,6042931531,6042931531,6042931248,6042931248,95837,95837,2628-4720 Kingsway,2628-4720 Kingsway,Metrotower 2,Metrotower 2,,,,,Burnaby  BC,Burnaby  BC,,,CANADA,CANADA,V5C 2H6,V5C 2H6,Test case is passed
1175,1175,6149,6149,95564,95564,B15296C7-6E12-E911-A982-0022480053E9,b15296c7-6e12-e911-a982-0022480053e9,true,true,Next Insurance Brokers Service Co Ltd,Next Insurance Brokers Service Co Ltd,,,null,null,null,null,null,null,Next Insurance Brokers Service Co Ltd,Next Insurance Brokers Service Co Ltd,Next Insurance Brokers Service Co Ltd,Next Insurance Brokers Service Co Ltd,mailbox@nextbroker.co.kr,mailbox@nextbroker.co.kr,+827043487034,+827043487034,+827040090033,+827040090033,95570,95570,Rm# 604-1  Sejongro Daewoo Building,Rm# 604-1  Sejongro Daewoo Building,30 Saemunan-ro  3-gil  Jongno-gu,30 Saemunan-ro  3-gil  Jongno-gu,,,,,Seoul,Seoul,,,KOREA  REPUBLIC OF,KOREA  REPUBLIC OF,,,Test case is passed
1174,1174,6147,6147,94661,94661,252EB646-BF02-E911-A983-0022480056F9,252eb646-bf02-e911-a983-0022480056f9,true,true,Otto Insurance Brokers Limited,Otto Insurance Brokers Limited,,,null,null,null,null,null,null,Otto Insurance Brokers Limited,Otto Insurance Brokers Limited,Otto Insurance Brokers Limited,Otto Insurance Brokers Limited,,,,,,,94620,94620,Unit 9  10/F  New Trend Centre,Unit 9  10/F  New Trend Centre,No. 704 Prince Edward Road East,No. 704 Prince Edward Road East,,,,,Kowloon,Kowloon,,,HONG KONG,HONG KONG,,,Test case is passed
1173,1173,6146,6146,94630,94630,5C5F31F4-AF02-E911-A989-0022480042B3,5c5f31f4-af02-e911-a989-0022480042b3,true,true,Superyacht Insurance Brokers Limited,Superyacht Insurance Brokers Limited,,,null,null,null,null,null,null,Superyacht Insurance Brokers Limited,Superyacht Insurance Brokers Limited,Superyacht Insurance Brokers Limited,Superyacht Insurance Brokers Limited,info@superyachtinsurancebrokers.com,info@superyachtinsurancebrokers.com,02030538612,02030538612,,,94589,94589,32 Threadneedle Street,32 Threadneedle Street,,,,,,,London,London,,,UNITED KINGDOM,UNITED KINGDOM,EC2R 8AY,EC2R 8AY,Test case is passed
1172,1172,6145,6145,94381,94381,04B54951-CDFE-E811-A985-0022480050C6,04b54951-cdfe-e811-a985-0022480050c6,true,true,AMMIS RISK SOLUTIONS LIMITED,AMMIS RISK SOLUTIONS LIMITED,,,null,null,null,null,null,null,AMMIS RISK SOLUTIONS LIMITED,AMMIS RISK SOLUTIONS LIMITED,AMMIS RISK SOLUTIONS LIMITED,AMMIS RISK SOLUTIONS LIMITED,adam@ammis.london,adam@ammis.london,02077706605,02077706605,,,94340,94340,Ammis Risk Solutions Limited,Ammis Risk Solutions Limited,Bank House,Bank House,Bank Street,Bank Street,,,Tonbridge,Tonbridge,Kent,Kent,UNITED KINGDOM,UNITED KINGDOM,TN9 1BL,TN9 1BL,Test case is passed
1171,1171,6143,6143,94055,94055,A0B12180-10F7-E811-A982-0022480056F9,a0b12180-10f7-e811-a982-0022480056f9,true,true,Miller Insurance Services LLP,Miller Insurance Services LLP,,,null,null,null,null,null,null,Miller Insurance Services LLP,Miller Insurance Services LLP,Miller Insurance Services LLP,Miller Insurance Services LLP,AARON.JAGO@MILLER-INSURANCE.COM,AARON.JAGO@MILLER-INSURANCE.COM,02084882345,02084882345,,,63417,63417,70 Mark Lane ,70 Mark Lane ,,,,,,,London,London,,,UNITED KINGDOM,UNITED KINGDOM,EC3R 7NQ,EC3R 7NQ,Test case is passed
1170,1170,6141,6141,93949,93949,783A6C11-F2F3-E811-A984-002248005D88,783a6c11-f2f3-e811-a984-002248005d88,true,true,Bradley's Commercial Insurance Limited,Bradley's Commercial Insurance Limited,,,null,null,null,null,null,null,Bradley's Commercial Insurance Limited,Bradley's Commercial Insurance Limited,Bradley's Commercial Insurance Limited,Bradley's Commercial Insurance Limited,,,,,,,63306,63306,1456 Stittsville Main St  P.O. Box 1234,1456 Stittsville Main St  P.O. Box 1234,,,,,,,Stittsville  ON,Stittsville  ON,K2 1B3,K2 1B3,CANADA,CANADA,,,Test case is passed
1169,1169,6142,6142,93904,93904,1CADFA2D-2BF3-E811-A982-0022480056F9,1cadfa2d-2bf3-e811-a982-0022480056f9,true,true,Cabinet Berat et Fils,Cabinet Berat et Fils,,,null,null,null,null,null,null,Cabinet Berat et Fils,Cabinet Berat et Fils,Cabinet Berat et Fils,Cabinet Berat et Fils,hblanchard@cbfassurances.fr,hblanchard@cbfassurances.fr,+33 493878397,+33 493878397,,,63256,63256,1 Rue Longchamp ,1 Rue Longchamp ,,,,,,,Nice,Nice,,,FRANCE,FRANCE,06000,06000,Test case is passed
1168,1168,6089,6089,93824,93824,2575356C-8EF1-E811-A97F-0022480053E9,2575356c-8ef1-e811-a97f-0022480053e9,true,true,STBU Brokerzy Ubezpieczeniowi Sp. z.o.o,STBU Brokerzy Ubezpieczeniowi Sp. z.o.o,,,null,null,null,null,null,null,STBU Brokerzy Ubezpieczeniowi Sp. z.o.o,STBU Brokerzy Ubezpieczeniowi Sp. z.o.o,STBU Brokerzy Ubezpieczeniowi Sp. z.o.o,STBU Brokerzy Ubezpieczeniowi Sp. z.o.o,r.marciniak@stbu.pl,r.marciniak@stbu.pl,+48 585558200,+48 585558200,+48 585558202,+48 585558202,63170,63170,81-855 Sopot,81-855 Sopot,Rzemieslnicza st 33,Rzemieslnicza st 33,,,,,Gdansk,Gdansk,,,POLAND,POLAND,,,Test case is passed
1167,1167,6137,6137,93675,93675,D512B2E3-7CED-E811-A983-0022480042B3,d512b2e3-7ced-e811-a983-0022480042b3,true,true,Capital Insurance (Broking) Group Pty Ltd,Capital Insurance (Broking) Group Pty Ltd,,,null,null,null,null,null,null,Capital Insurance (Broking) Group Pty Ltd,Capital Insurance (Broking) Group Pty Ltd,Capital Insurance (Broking) Group Pty Ltd,Capital Insurance (Broking) Group Pty Ltd,,,61741283455,61741283455,,,63006,63006,PO Box 1071  ,PO Box 1071  ,Hervey Bay ,Hervey Bay ,,,,,Queensland,Queensland,,,AUSTRALIA,AUSTRALIA,4655,4655,Test case is passed
1166,1166,6139,6139,93595,93595,112EEDB7-F4EB-E811-A980-0022480056F9,112eedb7-f4eb-e811-a980-0022480056f9,true,true,BUREAU GRUVEL SARL,BUREAU GRUVEL SARL,,,null,null,null,null,null,null,BUREAU GRUVEL SARL,BUREAU GRUVEL SARL,BUREAU GRUVEL SARL,BUREAU GRUVEL SARL,l.gruvel@gruvel.fr,l.gruvel@gruvel.fr,+33494185999,+33494185999,+33494189701,+33494189701,62920,62920,48 rue Picot,48 rue Picot,,,,,,,Toulon,Toulon,,,FRANCE,FRANCE,83000,83000,Test case is passed
1165,1165,6138,6138,93489,93489,A30E9CCA-24E8-E811-B767-005056B03908,a30e9cca-24e8-e811-b767-005056b03908,true,true,AON RISK SERVICES,AON RISK SERVICES,null,null,null,null,null,null,null,null,AON RISK SERVICES,AON RISK SERVICES,AON RISK SERVICES,AON RISK SERVICES,null,null,410-363-5800,410-363-5800,null,null,62812,62812,PASC (Premium Accounting Service Center),PASC (Premium Accounting Service Center),10461 Mill Run Circle,10461 Mill Run Circle,Owings Mills,Owings Mills,null,null,Houston,Houston,Texas,Texas,UNITED STATES OF AMERICA,UNITED STATES OF AMERICA,MD 21117,MD 21117,Test case is passed
1164,1164,6136,6136,93349,93349,BC05B663-6CE3-E811-B767-005056B03908,bc05b663-6ce3-e811-b767-005056b03908,true,true,UMC BROKERS (PTY) LTD,UMC BROKERS (PTY) LTD,null,null,null,null,null,null,null,null,UMC BROKERS (PTY) LTD,UMC BROKERS (PTY) LTD,UMC BROKERS (PTY) LTD,UMC BROKERS (PTY) LTD,MARK@UMCBROKERS.CO.ZA,MARK@UMCBROKERS.CO.ZA,+27 10 596 0722,+27 10 596 0722,+27 86,+27 86,62681,62681,3 ROLINA AVENUE,3 ROLINA AVENUE,null,null,null,null,null,null,QUELLERINA,QUELLERINA,,,SOUTH AFRICA,SOUTH AFRICA,1729,1729,Test case is passed
1163,1163,6132,6132,92912,92912,9A15CF45-C1DD-E811-B767-005056B03908,9a15cf45-c1dd-e811-b767-005056b03908,true,true,Anora Global Ltd,Anora Global Ltd,null,null,null,null,null,null,null,null,Anora Global Ltd,Anora Global Ltd,Anora Global Ltd,Anora Global Ltd,samuel.soon@anoraagency.com,samuel.soon@anoraagency.com,+3012-211 3214,+3012-211 3214,null,null,62256,62256,Unit Level 11 (A),Unit Level 11 (A),Main Office Tower,Main Office Tower,Financial Park Labuan,Financial Park Labuan,Jalan Merdeka,Jalan Merdeka,87000 Labuan FT,87000 Labuan FT,,,MALAYSIA,MALAYSIA,null,null,Test case is passed
1162,1162,6135,6135,92873,92873,31D135EA-52DC-E811-B767-005056B03908,31d135ea-52dc-e811-b767-005056b03908,true,true,KARAVIAS UNDERWRITING AGENCY,KARAVIAS UNDERWRITING AGENCY,null,null,null,null,null,null,null,null,KARAVIAS UNDERWRITING AGENCY,KARAVIAS UNDERWRITING AGENCY,KARAVIAS UNDERWRITING AGENCY,KARAVIAS UNDERWRITING AGENCY,info@gkaravias.gr,info@gkaravias.gr,+30 2103640618,+30 2103640618,+30 2103643503,+30 2103643503,62225,62225,EVRIPIDOU 12,EVRIPIDOU 12,null,null,null,null,null,null,ATHENS,ATHENS,,,GREECE,GREECE,10559,10559,Test case is passed
1161,1161,6133,6133,92857,92857,D7581D29-92DB-E811-B767-005056B03908,d7581d29-92db-e811-b767-005056b03908,true,true,USI Insurance Services LLC,USI Insurance Services LLC,null,null,null,null,null,null,null,null,USI Insurance Services LLC,USI Insurance Services LLC,USI Insurance Services LLC,USI Insurance Services LLC,bart.odd@usi.com,bart.odd@usi.com,716-314-2000,716-314-2000,716-314-2199,716-314-2199,62210,62210,726 Exchange Street,726 Exchange Street,Suite 618,Suite 618,null,null,null,null,Buffalo  NY 14210,Buffalo  NY 14210,,,UNITED STATES OF AMERICA,UNITED STATES OF AMERICA,null,null,Test case is passed
1160,1160,6131,6131,92807,92807,CB656D3E-3AD8-E811-B767-005056B03908,cb656d3e-3ad8-e811-b767-005056b03908,true,true,Shepherd Compello Ltd,Shepherd Compello Ltd,null,null,null,null,null,null,null,null,Shepherd Compello Ltd,Shepherd Compello Ltd,Shepherd Compello Ltd,Shepherd Compello Ltd,null,null,2073784000,2073784000,null,null,62169,62169,55 Gracechurch Street,55 Gracechurch Street,null,null,null,null,null,null,London,London,,,UNITED KINGDOM,UNITED KINGDOM,EC3V 0EE,EC3V 0EE,Test case is passed
1159,1159,6130,6130,92736,92736,71D97059-A0D6-E811-B767-005056B03908,71d97059-a0d6-e811-b767-005056b03908,true,true,Arthur J. Gallagher & Co (AUS) Limited,Arthur J. Gallagher & Co (AUS) Limited,null,null,null,null,null,null,null,null,Arthur J. Gallagher & Co (AUS) Limited,Arthur J. Gallagher & Co (AUS) Limited,Arthur J. Gallagher & Co (AUS) Limited,Arthur J. Gallagher & Co (AUS) Limited,Alexandra.Ferguson@ajg.com.au,Alexandra.Ferguson@ajg.com.au,+61 435 657 376,+61 435 657 376,null,null,62111,62111,289 Wellington Parade South,289 Wellington Parade South,East Melbourne,East Melbourne,null,null,null,null,Victoria 3002,Victoria 3002,,,AUSTRALIA,AUSTRALIA,null,null,Test case is passed
1158,1158,6129,6129,92534,92534,7FD86668-42CD-E811-B767-005056B03908,7fd86668-42cd-e811-b767-005056b03908,true,true,MANKAD & ASSOCIATES INSURANCE BROKING PVT. LTD.,MANKAD & ASSOCIATES INSURANCE BROKING PVT. LTD.,null,null,null,null,null,null,null,null,MANKAD & ASSOCIATES INSURANCE BROKING PVT. LTD.,MANKAD & ASSOCIATES INSURANCE BROKING PVT. LTD.,MANKAD & ASSOCIATES INSURANCE BROKING PVT. LTD.,MANKAD & ASSOCIATES INSURANCE BROKING PVT. LTD.,KAUSTUBH@MANKADINSURE.COM,KAUSTUBH@MANKADINSURE.COM,+91 2267618900,+91 2267618900,null,null,61931,61931,301 B-WING,301 B-WING,PRAMUKH PLAZA,PRAMUKH PLAZA,CARDINAL GRACIAS ROAD,CARDINAL GRACIAS ROAD,CHAKALA  ANDHERI (E),CHAKALA  ANDHERI (E),MUMBAI,MUMBAI,,,INDIA,INDIA,400 099,400 099,Test case is passed
1157,1157,6127,6127,92230,92230,F07A77D9-0EC0-E811-B767-005056B03908,f07a77d9-0ec0-e811-b767-005056b03908,true,true,HUSHCRAFT LTD,HUSHCRAFT LTD,null,null,null,null,null,null,null,null,HUSHCRAFT LTD,HUSHCRAFT LTD,HUSHCRAFT LTD,HUSHCRAFT LTD,ben@hushcraft.com,ben@hushcraft.com,1206625180,1206625180,null,null,61666,61666,Blackwater House,Blackwater House,Woodrolfe Road,Woodrolfe Road,Tollesbury,Tollesbury,null,null,Essex,Essex,,,UNITED KINGDOM,UNITED KINGDOM,CM9 8SE,CM9 8SE,Test case is passed
1156,1156,6126,6126,92221,92221,B65E3F1F-D8BF-E811-B767-005056B03908,b65e3f1f-d8bf-e811-b767-005056b03908,true,true,Gibson Insurance Brokers Pty Ltd,Gibson Insurance Brokers Pty Ltd,null,null,null,null,null,null,null,null,Gibson Insurance Brokers Pty Ltd,Gibson Insurance Brokers Pty Ltd,Gibson Insurance Brokers Pty Ltd,Gibson Insurance Brokers Pty Ltd,graham.gibson@gibsoninsurance.com.au,graham.gibson@gibsoninsurance.com.au,299542000,299542000,299223787,299223787,61655,61655,119 Union Street,119 Union Street,Mcmahons Point,Mcmahons Point,null,null,null,null,NSW 2060,NSW 2060,,,AUSTRALIA,AUSTRALIA,null,null,Test case is passed
1155,1155,6124,6124,92209,92209,ED1BA6F7-A4BD-E811-B767-005056B03908,ed1ba6f7-a4bd-e811-b767-005056b03908,true,true,Lanka Maritime Services Limited,Lanka Maritime Services Limited,null,null,null,null,null,null,null,null,Lanka Maritime Services Limited,Lanka Maritime Services Limited,Lanka Maritime Services Limited,Lanka Maritime Services Limited,null,null,112167900,112167900,112699338,112699338,61646,61646,Thurburn Wing,Thurburn Wing,400  Deans Road,400  Deans Road,null,null,null,null,Colombo 10,Colombo 10,,,SRI LANKA,SRI LANKA,null,null,Test case is passed
1154,1154,6125,6125,92200,92200,9338C222-7FBD-E811-B767-005056B03908,9338c222-7fbd-e811-b767-005056b03908,true,true,WILLY INSURANCE BROKERS PTE LTD,WILLY INSURANCE BROKERS PTE LTD,null,null,null,null,null,null,null,null,WILLY INSURANCE BROKERS PTE LTD,WILLY INSURANCE BROKERS PTE LTD,WILLY INSURANCE BROKERS PTE LTD,WILLY INSURANCE BROKERS PTE LTD,wilsontan@willy.com.sg,wilsontan@willy.com.sg,62262220,62262220,62260100,62260100,61637,61637,WILLY INSURANCE BROKERS PTE LTD,WILLY INSURANCE BROKERS PTE LTD,20 MAXWELL ROAD,20 MAXWELL ROAD,#07-11 MAXWELL HOUSE,#07-11 MAXWELL HOUSE,,,SINGAPORE,SINGAPORE,,,SINGAPORE  REPUBLIC OF,SINGAPORE  REPUBLIC OF,69113,69113,Test case is passed
1153,1153,6123,6123,92034,92034,50CCFF6F-77B6-E811-B767-005056B03908,50ccff6f-77b6-e811-b767-005056b03908,true,true,NSB Claim Solutions GmbH,NSB Claim Solutions GmbH,null,null,null,null,null,null,null,null,NSB Claim Solutions GmbH,NSB Claim Solutions GmbH,NSB Claim Solutions GmbH,NSB Claim Solutions GmbH,team@nsb-claimsolutions.com,team@nsb-claimsolutions.com,+49 4161 645 275,+49 4161 645 275,null,null,61489,61489,Harburger Str. 47-51,Harburger Str. 47-51,,,null,null,null,null,Buxtehude,Buxtehude,,,GERMANY,GERMANY,21614,21614,Test case is passed
1152,1152,6122,6122,91845,91845,5E370C77-9CAA-E811-B767-005056B03908,5e370c77-9caa-e811-b767-005056b03908,true,true,Voyager Risk Solutions Limited,Voyager Risk Solutions Limited,null,null,null,null,null,null,null,null,Voyager Risk Solutions Limited,Voyager Risk Solutions Limited,Voyager Risk Solutions Limited,Voyager Risk Solutions Limited,tommyho@voyfg.com,tommyho@voyfg.com,85228716988,85228716988,85228716908,85228716908,61348,61348,Unit 1002,Unit 1002,Golden Financial Global Centre,Golden Financial Global Centre,17 Kai Cheung Road,17 Kai Cheung Road,Kowloon Bay,Kowloon Bay,Hong Kong,Hong Kong,,,HONG KONG,HONG KONG,null,null,Test case is passed
1151,1151,6015,6015,84752,84752,47AB9A19-E25C-E711-B767-005056B03908,47ab9a19-e25c-e711-b767-005056b03908,true,true,Sigma Insurance Brokers Ltd,Sigma Insurance Brokers Ltd,null,null,null,null,null,null,null,null,Sigma Insurance Brokers Ltd,Sigma Insurance Brokers Ltd,Sigma Insurance Brokers Ltd,Sigma Insurance Brokers Ltd,sigmains@asolakian.gr,sigmains@asolakian.gr,null,null,null,null,26117,26117,6A  Aristotelous Street,6A  Aristotelous Street,Alimos 17455,Alimos 17455,null,null,null,null,Attica,Attica,null,null,GREECE,GREECE,null,null,Test case is passed
1150,1150,6010,6010,84203,84203,D5F78120-3C50-E711-B767-005056B03908,d5f78120-3c50-e711-b767-005056b03908,true,true,Robinson Insurance Broking Services Pty Ltd,Robinson Insurance Broking Services Pty Ltd,null,null,null,null,null,null,null,null,Robinson Insurance Broking Services Pty Ltd,Robinson Insurance Broking Services Pty Ltd,Robinson Insurance Broking Services Pty Ltd,Robinson Insurance Broking Services Pty Ltd,andrew@robinsoninsurance.com.au,andrew@robinsoninsurance.com.au,+61  08 6169 3540,+61  08 6169 3540,null,null,25526,25526,PO Box 2246 ,PO Box 2246 ,Churchlands ,Churchlands ,null,null,null,null,Western Australia,Western Australia,null,null,AUSTRALIA,AUSTRALIA,6018,6018,Test case is passed
1149,1149,6020,6020,86366,86366,43403E3C-F680-E711-B767-005056B03908,43403e3c-f680-e711-b767-005056b03908,true,true,Proteus Risk Solutions NV,Proteus Risk Solutions NV,null,null,null,null,null,null,null,null,Proteus Risk Solutions NV,Proteus Risk Solutions NV,Proteus Risk Solutions NV,Proteus Risk Solutions NV,null,null,3234010035,3234010035,null,null,57881,57881,Proteus Risk Solutions NV,Proteus Risk Solutions NV,Suikerrui 5,Suikerrui 5,2000,2000,null,null,Antwerp,Antwerp,null,null,BELGIUM,BELGIUM,null,null,Test case is passed
1148,1148,6012,6012,84475,84475,1C4913A6-6B56-E711-B767-005056B03908,1c4913a6-6b56-e711-b767-005056b03908,true,true,MARINCON GmbH & Co. KG,MARINCON GmbH & Co. KG,null,null,null,null,null,null,null,null,MARINCON GmbH & Co. KG,MARINCON GmbH & Co. KG,MARINCON GmbH & Co. KG,MARINCON GmbH & Co. KG,info@marincon.de,info@marincon.de,49403347550,49403347550,4.94033E+11,4.94033E+11,25816,25816,Katharinenstr. 4  20457,Katharinenstr. 4  20457,null,null,null,null,null,null,Hamburg,Hamburg,null,null,GERMANY,GERMANY,null,null,Test case is passed
1147,1147,6019,6019,85977,85977,1714598F-9776-E711-B767-005056B03908,1714598f-9776-e711-b767-005056b03908,true,true,KBI Group Pty Ltd,KBI Group Pty Ltd,null,null,null,null,null,null,null,null,KBI Group Pty Ltd,KBI Group Pty Ltd,KBI Group Pty Ltd,KBI Group Pty Ltd,travis.kenzle@kbigroup.com.au,travis.kenzle@kbigroup.com.au,864677999,864677999,null,null,57472,57472,PO Box 1086,PO Box 1086,null,null,null,null,null,null,Perth,Perth,West Perth,West Perth,AUSTRALIA,AUSTRALIA,WA 6872,WA 6872,Test case is passed
1146,1146,6016,6016,85082,85082,06CB68F1-F062-E711-B767-005056B03908,06cb68f1-f062-e711-b767-005056b03908,true,true,IYC Insurance Brokers SMPC,IYC Insurance Brokers SMPC,null,null,null,null,null,null,null,null,IYC Insurance Brokers SMPC,IYC Insurance Brokers SMPC,IYC Insurance Brokers SMPC,IYC Insurance Brokers SMPC,am@iyc.com,am@iyc.com,+30 210 98 34 382,+30 210 98 34 382,+30 210 98 82 326,+30 210 98 82 326,26427,26427,34  Alimou Avenue,34  Alimou Avenue,null,null,null,null,null,null,Alimos,Alimos,null,null,GREECE,GREECE,174 55,174 55,Test case is passed
1145,1145,6027,6027,87561,87561,10B48EBB-6299-E711-B767-005056B03908,10b48ebb-6299-e711-b767-005056b03908,true,true,IVES INSURANCE BROKERS LIMITED,IVES INSURANCE BROKERS LIMITED,null,null,null,null,null,null,null,null,IVES INSURANCE BROKERS LIMITED,IVES INSURANCE BROKERS LIMITED,IVES INSURANCE BROKERS LIMITED,IVES INSURANCE BROKERS LIMITED,JEFFI@IVESINSURANCE.COM,JEFFI@IVESINSURANCE.COM,519-776-7371,519-776-7371,519-776-4451,519-776-4451,59132,59132,347,347,MAIDSTONE AVENUE EAST,MAIDSTONE AVENUE EAST,ESSEX,ESSEX,null,null,ONTARIO,ONTARIO,null,null,CANADA,CANADA,N8M 2Y4,N8M 2Y4,Test case is passed
1144,1144,6025,6025,87388,87388,F033E398-AF94-E711-B767-005056B03908,f033e398-af94-e711-b767-005056b03908,true,true,Frenkel & Company,Frenkel & Company,null,null,null,null,null,null,null,null,Frenkel & Company,Frenkel & Company,Frenkel & Company,Frenkel & Company,tauliano@frenkel.com,tauliano@frenkel.com,2017934019,2017934019,null,null,58947,58947,201 Hudson Street,201 Hudson Street,Suite 601,Suite 601,null,null,null,null,Jersey City,Jersey City,null,null,UNITED STATES OF AMERICA,UNITED STATES OF AMERICA,NJ 07311,NJ 07311,Test case is passed
1143,1143,6011,6011,84472,84472,C2CF441F-6456-E711-B767-005056B03908,c2cf441f-6456-e711-b767-005056b03908,true,true,Empire Insurance Group Pty Ltd,Empire Insurance Group Pty Ltd,null,null,null,null,null,null,null,null,Empire Insurance Group Pty Ltd,Empire Insurance Group Pty Ltd,Empire Insurance Group Pty Ltd,Empire Insurance Group Pty Ltd,harryl@empireig.com.au,harryl@empireig.com.au,+61 08 6555 7728,+61 08 6555 7728,+61 08 6555 7729,+61 08 6555 7729,25813,25813,PO Box 202  Northbridge ,PO Box 202  Northbridge ,null,null,null,null,null,null,WA,WA,null,null,AUSTRALIA,AUSTRALIA,6865,6865,Test case is passed
1142,1142,6014,6014,84556,84556,84921D37-5B57-E711-B767-005056B03908,84921d37-5b57-e711-b767-005056b03908,true,true,DIOT SA,DIOT SA,null,null,null,null,null,null,null,null,DIOT SA,DIOT SA,DIOT SA,DIOT SA,null,null,null,null,null,null,25902,25902,40 rue Laffitte,40 rue Laffitte,null,null,null,null,null,null,Paris,Paris,null,null,FRANCE,FRANCE,75009,75009,Test case is passed
1141,1141,6024,6024,87365,87365,1CFF788C-B393-E711-B767-005056B03908,1cff788c-b393-e711-b767-005056b03908,true,true,Chongqing Shipowner's Mutual Insurance Association,Chongqing Shipowner's Mutual Insurance Association,null,null,null,null,null,null,null,null,Chongqing Shipowner's Mutual Insurance Association,Chongqing Shipowner's Mutual Insurance Association,Chongqing Shipowner's Mutual Insurance Association,Chongqing Shipowner's Mutual Insurance Association,ihb@csmia.cn,ihb@csmia.cn,+86 23 67893265,+86 23 67893265,null,null,58923,58923,Yuan Hang Road 88 A502 ,Yuan Hang Road 88 A502 ,Jiang Bei District ,Jiang Bei District ,null,null,null,null,Chongqing,Chongqing,null,null,CHINA  PEOPLES REPUBLIC OF,CHINA  PEOPLES REPUBLIC OF,null,null,Test case is passed
1140,1140,6007,6007,83082,83082,C0B7C041-DF3E-E711-B767-005056B03908,c0b7c041-df3e-e711-b767-005056b03908,true,true,CG Re (Africa) Ltd,CG Re (Africa) Ltd,null,null,null,null,null,null,null,null,CG Re (Africa) Ltd,CG Re (Africa) Ltd,CG Re (Africa) Ltd,CG Re (Africa) Ltd,null,null,+230 489 2000,+230 489 2000,null,null,24326,24326,Suite 216A  Ebène Junction,Suite 216A  Ebène Junction,Rue de la Democratie,Rue de la Democratie,null,null,null,null,Ebène,Ebène,null,null,MAURITIUS,MAURITIUS,null,null,Test case is passed
