SQL_Broker_Id,API_Broker_Id,SQL_BrokerReference,API_BrokerReference,SQL_Party_Id,API_Party_Id,SQL_CrmIdentifier,API_CrmIdentifier,SQL_OrganisationName,API_OrganisationName,SQL_Salutation,API_Salutation,SQL_FirstName,API_FirstName,SQL_MiddleName,API_MiddleName,SQL_LastName,API_LastName,SQL_SearchName,API_SearchName,SQL_EmailAddress,API_EmailAddress,SQL_Telephone,API_Telephone,SQL_Fax,API_Fax,SQL_Address_Id,API_Address_Id,SQL_AddressName,API_AddressName,SQL_Line1,API_Line1,SQL_Line2,API_Line2,SQL_Line3,API_Line3,SQL_City,API_City,SQL_StateOrProvince,API_StateOrProvince,SQL_Country,API_Country,SQL_Postcode,API_Postcode,Test Case Status
1289,1289,7066,7066,112484,112484,E3F793DD-9E62-EA11-A811-000D3A86AD30,e3f793dd-9e62-ea11-a811-000d3a86ad30,BEIJING SINO TAO INSURANCE BROKERS CO. LTD,BEIJING SINO TAO INSURANCE BROKERS CO. LTD,null,null,null,null,null,null,null,null,BEIJING SINO TAO INSURANCE BROKERS CO. LTD,BEIJING SINO TAO INSURANCE BROKERS CO. LTD,CHENGSJ@ZCARE.XYZ,CHENGSJ@ZCARE.XYZ,null,null,null,null,112899,112899,ROOM 722B 7F,ROOM 722B 7F,HUAPU INTERNATIONAL BUILDING,HUAPU INTERNATIONAL BUILDING,19 CHAOWAI STREET CHAOYANG DISTRICT,19 CHAOWAI STREET CHAOYANG DISTRICT,null,null,BEIJING,BEIJING,null,null,CHINA PEOPLES REPUBLIC OF,CHINA PEOPLES REPUBLIC OF,null,null,Test Case Passed
1288,1288,7065,7065,112392,112392,DB7FBBFF-E75F-EA11-A811-000D3A86A8CF,db7fbbff-e75f-ea11-a811-000d3a86a8cf,AMP Test Broker,AMP Test Broker,null,null,null,null,null,null,null,null,AMP Test Broker,AMP Test Broker,null,null,null,null,null,null,112807,112807,10 Whitechapel,10 Whitechapel,null,null,null,null,null,null,London,London,null,null,UNITED KINGDOM,UNITED KINGDOM,null,null,Test Case Passed
1285,1285,7064,7064,112011,112011,DCA7FFC6-FC5E-EA11-A811-000D3A86AD30,dca7ffc6-fc5e-ea11-a811-000d3a86ad30,Guemas International,Guemas International,null,null,null,null,null,null,null,null,Guemas International,Guemas International,null,null,null,null,null,null,112415,112415,60 rue de Londres,60 rue de Londres,null,null,null,null,null,null,Paris,Paris,null,null,FRANCE,FRANCE,75008,75008,Test Case Passed
1284,1284,7062,7062,111549,111549,D42719AB-1053-EA11-A813-000D3A86A8CF,d42719ab-1053-ea11-a813-000d3a86a8cf,Antah Insurance Brokers Sdn Bhd,Antah Insurance Brokers Sdn Bhd,null,null,null,null,null,null,null,null,Antah Insurance Brokers Sdn Bhd,Antah Insurance Brokers Sdn Bhd,theiva@asib.com.my,theiva@asib.com.my,+60376290001,+60376290001,+60376290002,+60376290002,111953,111953,3rd Floor West Wing Quattro West,3rd Floor West Wing Quattro West,4 Persiaran Barat,4 Persiaran Barat,null,null,null,null,Selangor Darul Ehsan,Selangor Darul Ehsan,null,null,MALAYSIA,MALAYSIA,46100 Petaling Jaya,46100 Petaling Jaya,Test Case Passed
1283,1283,7061,7061,111476,111476,9BF84CEE-6052-EA11-A813-000D3A86A8CF,9bf84cee-6052-ea11-a813-000d3a86a8cf,AON BENFIELD ARGENTINA S.A.,AON BENFIELD ARGENTINA S.A.,null,null,null,null,null,null,null,null,AON BENFIELD ARGENTINA S.A.,AON BENFIELD ARGENTINA S.A.,javier.nocetti@aon.com,javier.nocetti@aon.com,541152541615,541152541615,null,null,111880,111880,Aon Benfield Argentina S.A.,Aon Benfield Argentina S.A.,Emma de la Barra 353,Emma de la Barra 353,Piso 4,Piso 4,Puerto Madero,Puerto Madero,Buenos Aires,Buenos Aires,null,null,ARGENTINA,ARGENTINA,C1107CQA,C1107CQA,Test Case Passed
1282,1282,7060,7060,111350,111350,A7CA4277-D54E-EA11-A812-000D3A86A8CF,a7ca4277-d54e-ea11-a812-000d3a86a8cf,Keppel SMIT Towage Pte Ltd,Keppel SMIT Towage Pte Ltd,null,null,null,null,null,null,null,null,Keppel SMIT Towage Pte Ltd,Keppel SMIT Towage Pte Ltd,nathalia.lossovska@boskalis.com,nathalia.lossovska@boskalis.com,66684304,66684304,null,null,111751,111751,23 Gul Road,23 Gul Road,null,null,null,null,null,null,Singapore 629356,Singapore 629356,null,null,SINGAPORE REPUBLIC OF,SINGAPORE REPUBLIC OF,null,null,Test Case Passed
1281,1281,7059,7059,111257,111257,F8D4BB05-334D-EA11-A812-000D3A86A8CF,f8d4bb05-334d-ea11-a812-000d3a86a8cf,Westblake Pty Ltd t/as it's insured,Westblake Pty Ltd t/as it's insured,null,null,null,null,null,null,null,null,Westblake Pty Ltd t/as it's insured,Westblake Pty Ltd t/as it's insured,tremayne.west@itsinsured.com.au,tremayne.west@itsinsured.com.au,null,null,null,null,111658,111658,NSW 2022,NSW 2022,Level 23,Level 23,520 Oxford Road,520 Oxford Road,null,null,Bondi Junction,Bondi Junction,null,null,AUSTRALIA,AUSTRALIA,null,null,Test Case Passed
1280,1280,7058,7058,111209,111209,9AECC559-ED4B-EA11-A812-000D3A86AD30,9aecc559-ed4b-ea11-a812-000d3a86ad30,ATL Marine & Energy Ltd,ATL Marine & Energy Ltd,null,null,null,null,null,null,null,null,ATL Marine & Energy Ltd,ATL Marine & Energy Ltd,null,null,02035951115,02035951115,null,null,111610,111610,145 Leadenhall Street,145 Leadenhall Street,145 Leadenhall Street,145 Leadenhall Street,null,null,null,null,London,London,null,null,UNITED KINGDOM,UNITED KINGDOM,EC3V 4QT,EC3V 4QT,Test Case Passed
1279,1279,7056,7056,111072,111072,0B1BF06B-8949-EA11-A812-000D3A86AD30,0b1bf06b-8949-ea11-a812-000d3a86ad30,Prudent Insurance Brokers Pvt. Ltd,Prudent Insurance Brokers Pvt. Ltd,null,null,null,null,null,null,null,null,Prudent Insurance Brokers Pvt. Ltd,Prudent Insurance Brokers Pvt. Ltd,bansi.suvarna@prudentbrokers.com,bansi.suvarna@prudentbrokers.com,+91 22 33066000,+91 22 33066000,null,null,111473,111473,Prudent Insurance Brokers Pvt. Ltd,Prudent Insurance Brokers Pvt. Ltd,101 Tower B Peninsula Business Park,101 Tower B Peninsula Business Park,Ganpatrao Kadam Marg,Ganpatrao Kadam Marg,Lower Parel,Lower Parel,W Mumbai,W Mumbai,null,null,INDIA,INDIA,400013,400013,Test Case Passed
1278,1278,7055,7055,111057,111057,0C5272BB-FE48-EA11-A812-000D3A86AD30,0c5272bb-fe48-ea11-a812-000d3a86ad30,Gulf Ocean Insurance & Reinsurance Brokers DIFC Limited,Gulf Ocean Insurance & Reinsurance Brokers DIFC Limited,null,null,null,null,null,null,null,null,Gulf Ocean Insurance & Reinsurance Brokers DIFC Limited,Gulf Ocean Insurance & Reinsurance Brokers DIFC Limited,vijay@gulfoceanre.com,vijay@gulfoceanre.com,+971 (04) 587 6452,+971 (04) 587 6452,+971 (04) 431 5831,+971 (04) 431 5831,111458,111458,Gulf Ocean Insurance & Reinsurance Brokers (DIFC) Limited,Gulf Ocean Insurance & Reinsurance Brokers (DIFC) Limited,Office #516 Liberty House,Office #516 Liberty House,Dubai International Financial Centre,Dubai International Financial Centre,null,null,Dubai,Dubai,null,null,UNITED ARAB EMIRATES,UNITED ARAB EMIRATES,null,null,Test Case Passed
1277,1277,7054,7054,110696,110696,DB06EB98-9246-EA11-A812-000D3A86A8CF,db06eb98-9246-ea11-a812-000d3a86a8cf,Regent Marine Assekuranzmakler GmbH,Regent Marine Assekuranzmakler GmbH,null,null,null,null,null,null,null,null,Regent Marine Assekuranzmakler GmbH,Regent Marine Assekuranzmakler GmbH,Monika.Brockmann@regent-marine.de,Monika.Brockmann@regent-marine.de,+4942152571112,+4942152571112,null,null,111097,111097,Flughafenallee 28,Flughafenallee 28,null,null,null,null,null,null,Bremen,Bremen,null,null,GERMANY,GERMANY,28199,28199,Test Case Passed
1276,1276,7053,7053,110559,110559,07F54D73-4F43-EA11-A812-000D3A86A8CF,07f54d73-4f43-ea11-a812-000d3a86a8cf,La Positiva Seguros y Reaseguros,La Positiva Seguros y Reaseguros,null,null,null,null,null,null,null,null,La Positiva Seguros y Reaseguros,La Positiva Seguros y Reaseguros,null,null,+5112110000,+5112110000,null,null,110960,110960,Francisco Masias No 370 San Isidro,Francisco Masias No 370 San Isidro,null,null,null,null,null,null,Lima 27,Lima 27,null,null,PERU,PERU,null,null,Test Case Passed
1274,1274,7051,7051,110159,110159,D3664AA3-0C39-EA11-A813-000D3A86AD30,d3664aa3-0c39-ea11-a813-000d3a86ad30,RAMON INTERNATIONAL INSURANCE BROKERS LIMITED,RAMON INTERNATIONAL INSURANCE BROKERS LIMITED,null,null,null,null,null,null,null,null,RAMON INTERNATIONAL INSURANCE BROKERS LIMITED,RAMON INTERNATIONAL INSURANCE BROKERS LIMITED,general@ramon.co.uk,general@ramon.co.uk,02073695300,02073695300,02073695301,02073695301,110559,110559,24 Creechurch Lane,24 Creechurch Lane,24 CREECHURCH LANE,24 CREECHURCH LANE,null,null,null,null,LONDON,LONDON,null,null,UNITED KINGDOM,UNITED KINGDOM,EC3A 5EH,EC3A 5EH,Test Case Passed
1275,1275,7050,7050,110161,110161,36CC4163-3238-EA11-A813-000D3A86A8CF,36cc4163-3238-ea11-a813-000d3a86a8cf,Paul Donnelly Insurance Brokers Pty Ltd,Paul Donnelly Insurance Brokers Pty Ltd,null,null,null,null,null,null,null,null,Paul Donnelly Insurance Brokers Pty Ltd,Paul Donnelly Insurance Brokers Pty Ltd,null,null,+61294827422,+61294827422,+61294827462,+61294827462,110561,110561,PO Box 97,PO Box 97,Berowra,Berowra,null,null,null,null,NSW 2081,NSW 2081,null,null,AUSTRALIA,AUSTRALIA,null,null,Test Case Passed
1273,1273,7049,7049,110022,110022,3DFA8E46-AF32-EA11-A813-000D3A86AD30,3dfa8e46-af32-ea11-a813-000d3a86ad30,Aster Underwriting Pty Ltd,Aster Underwriting Pty Ltd,null,null,null,null,null,null,null,null,Aster Underwriting Pty Ltd,Aster Underwriting Pty Ltd,null,null,null,null,null,null,110421,110421,Level 4,Level 4,Cnr Clifford & Appel Streets,Cnr Clifford & Appel Streets,Surfers Paradise,Surfers Paradise,null,null,QLD,QLD,null,null,AUSTRALIA,AUSTRALIA,4217,4217,Test Case Passed
1270,1270,7048,7048,109870,109870,642DE597-2032-EA11-A810-000D3A86AD30,642de597-2032-ea11-a810-000d3a86ad30,Ocean Cruising Corporation SA,Ocean Cruising Corporation SA,null,null,null,null,null,null,null,null,Ocean Cruising Corporation SA,Ocean Cruising Corporation SA,gkh@andriaki.gr,gkh@andriaki.gr,0030-210-6152441,0030-210-6152441,null,null,110267,110267,9 FRAGOKLISSIAS STR.,9 FRAGOKLISSIAS STR.,151 25 MAROUSSI,151 25 MAROUSSI,ATTICA,ATTICA,null,null,ATHENS,ATHENS,null,null,GREECE,GREECE,null,null,Test Case Passed
1272,1272,7047,7047,110019,110019,B4C526C5-1132-EA11-A810-000D3A86AD30,b4c526c5-1132-ea11-a810-000d3a86ad30,Orloff Yachting Limited,Orloff Yachting Limited,null,null,null,null,null,null,null,null,Orloff Yachting Limited,Orloff Yachting Limited,gkh@andriaki.gr,gkh@andriaki.gr,0030-210-6152441,0030-210-6152441,null,null,110418,110418,9 FRAGOKLISSIAS STR,9 FRAGOKLISSIAS STR,151 25 MAROUSSI,151 25 MAROUSSI,ATTICA,ATTICA,null,null,ATHENS,ATHENS,null,null,GREECE,GREECE,null,null,Test Case Passed
1271,1271,7046,7046,109873,109873,298BB817-0F32-EA11-A810-000D3A86AD30,298bb817-0f32-ea11-a810-000d3a86ad30,Doris Nepa,Doris Nepa,null,null,Doris,Doris,null,null,Nepa,Nepa,Doris Nepa,Doris Nepa,gkh@andriaki.gr,gkh@andriaki.gr,00302106152441,00302106152441,null,null,110270,110270,9 FRAGOKLISSIAS STR,9 FRAGOKLISSIAS STR,151 25 MAROUSSI,151 25 MAROUSSI,ATTICA,ATTICA,null,null,ATHENS,ATHENS,GREECE,GREECE,GREECE,GREECE,null,null,Test Case Passed
1269,1269,7045,7045,109720,109720,84063CF2-642D-EA11-A810-000D3A86AD30,84063cf2-642d-ea11-a810-000d3a86ad30,Sarl Valantin Berger,Sarl Valantin Berger,null,null,null,null,null,null,null,null,Sarl Valantin Berger,Sarl Valantin Berger,null,null,null,null,null,null,110116,110116,4 rue Etienne Dolet,4 rue Etienne Dolet,null,null,null,null,null,null,Tarare,Tarare,null,null,FRANCE,FRANCE,69170,69170,Test Case Passed
1268,1268,7044,7044,109494,109494,AF1C5F4E-7C21-EA11-A810-000D3A86A8CF,af1c5f4e-7c21-ea11-a810-000d3a86a8cf,Fairfirst Insurance Limited,Fairfirst Insurance Limited,null,null,null,null,null,null,null,null,Fairfirst Insurance Limited,Fairfirst Insurance Limited,null,null,null,null,null,null,109890,109890,Fairfirst Insurance Limited,Fairfirst Insurance Limited,Access Towers II (14th Floor),Access Towers II (14th Floor),278/4,278/4,Union Place,Union Place,Colombo 02,Colombo 02,null,null,SRI LANKA,SRI LANKA,null,null,Test Case Passed
1267,1267,7043,7043,109402,109402,6EFA2610-D81C-EA11-A811-000D3A86AD30,6efa2610-d81c-ea11-a811-000d3a86ad30,MICHAEL KENT,MICHAEL KENT,null,null,MICHAEL,MICHAEL,null,null,KENT,KENT,MICHAEL KENT,MICHAEL KENT,michaelkent@egginternationl.com,michaelkent@egginternationl.com,0037797975206,0037797975206,null,null,109798,109798,AO52 LE MEMMO CENTER,AO52 LE MEMMO CENTER,null,null,4 AVENUE DES GUELFES,4 AVENUE DES GUELFES,null,null,MONACO,MONACO,null,null,MONACO,MONACO,MC9800,MC9800,Test Case Passed
1266,1266,7042,7042,109082,109082,8B663006-8016-EA11-A811-000D3A86A8CF,8b663006-8016-ea11-a811-000d3a86a8cf,Triple "A" Marine Risks Ltd,Triple "A" Marine Risks Ltd,null,null,null,null,null,null,null,null,Triple "A" Marine Risks Ltd,Triple "A" Marine Risks Ltd,null,null,null,null,null,null,109477,109477,4 Kifissias Avenue,4 Kifissias Avenue,151 25 Maroussi,151 25 Maroussi,null,null,null,null,Athens,Athens,null,null,GREECE,GREECE,null,null,Test Case Passed
1264,1264,7041,7041,109045,109045,82DC8FD4-DF15-EA11-A811-000D3A86AD30,82dc8fd4-df15-ea11-a811-000d3a86ad30,Ilya Sonyushkin,Ilya Sonyushkin,Mr.,Mr.,Ilya,Ilya,null,null,Sonyushkin,Sonyushkin,Ilya Sonyushkin,Ilya Sonyushkin,isonyushkin@gmail.com,isonyushkin@gmail.com,+79166534310,+79166534310,null,null,109440,109440,Kutuzovskiy Avenue 26-495,Kutuzovskiy Avenue 26-495,null,null,null,null,null,null,Moscow,Moscow,null,null,RUSSIAN FEDERATION,RUSSIAN FEDERATION,121165,121165,Test Case Passed
1265,1265,7040,7040,109055,109055,2BCC322C-7215-EA11-A811-000D3A86A8CF,2bcc322c-7215-ea11-a811-000d3a86a8cf,Insurance Aid General Brokers Partnership Pty Ltd,Insurance Aid General Brokers Partnership Pty Ltd,null,null,null,null,null,null,null,null,Insurance Aid General Brokers Partnership Pty Ltd,Insurance Aid General Brokers Partnership Pty Ltd,andrewh@insuranceaid.com.au,andrewh@insuranceaid.com.au,0736301823,0736301823,null,null,109450,109450,9/35 Paringa Road,9/35 Paringa Road,null,null,null,null,null,null,Murarrie Q,Murarrie Q,null,null,AUSTRALIA,AUSTRALIA,4172,4172,Test Case Passed
1263,1263,7039,7039,108940,108940,0BC45595-440D-EA11-A811-000D3A86A8CF,0bc45595-440d-ea11-a811-000d3a86a8cf,Henderson International B.V.,Henderson International B.V.,null,null,null,null,null,null,null,null,Henderson International B.V.,Henderson International B.V.,null,null,null,null,null,null,109335,109335,Welfare Road #129,Welfare Road #129,Laguna View,Laguna View,Suite 2A,Suite 2A,null,null,Cole Bay,Cole Bay,null,null,SINT MAARTEN,SINT MAARTEN,null,null,Test Case Passed
1262,1262,7038,7038,108769,108769,D18C851E-B30B-EA11-A811-000D3A86AA92,d18c851e-b30b-ea11-a811-000d3a86aa92,APEX International Insurance Mediations LLC,APEX International Insurance Mediations LLC,null,null,null,null,null,null,null,null,APEX International Insurance Mediations LLC,APEX International Insurance Mediations LLC,null,null,null,null,null,null,109164,109164,ABDULLA BIN DARWISH BLDG. SHK. ZAYED ST. PO BOX 35764 ABU DHABI - UAE,ABDULLA BIN DARWISH BLDG. SHK. ZAYED ST. PO BOX 35764 ABU DHABI - UAE,null,null,null,null,null,null,Abu Dhabi,Abu Dhabi,null,null,UNITED ARAB EMIRATES,UNITED ARAB EMIRATES,null,null,Test Case Passed
1261,1261,7037,7037,108687,108687,4F33D109-2106-EA11-A811-000D3A86AC4E,4f33d109-2106-ea11-a811-000d3a86ac4e,OP DE BEECK & WORTH CORREDURIA DE SEGUROS SL,OP DE BEECK & WORTH CORREDURIA DE SEGUROS SL,null,null,null,null,null,null,null,null,OP DE BEECK & WORTH CORREDURIA DE SEGUROS SL,OP DE BEECK & WORTH CORREDURIA DE SEGUROS SL,DANNI@OPDEBEECK-WORTH.COM,DANNI@OPDEBEECK-WORTH.COM,+34 952 88 22 73,+34 952 88 22 73,null,null,109082,109082,CENTRO COMERCIAL GUADALMINA IV LOCALES 97-98 29670 SAN PEDRO DE ALCANTARA,CENTRO COMERCIAL GUADALMINA IV LOCALES 97-98 29670 SAN PEDRO DE ALCANTARA,null,null,null,null,null,null,MARBELLA,MARBELLA,null,null,SPAIN,SPAIN,null,null,Test Case Passed
1259,1259,7036,7036,108136,108136,97973B87-33FB-E911-A813-000D3A86AD30,97973b87-33fb-e911-a813-000d3a86ad30,HP INTERNATIONAL (HELLAS) CORP,HP INTERNATIONAL (HELLAS) CORP,null,null,null,null,null,null,null,null,HP INTERNATIONAL (HELLAS) CORP,HP INTERNATIONAL (HELLAS) CORP,hp@hpintel.com,hp@hpintel.com,+30-210-4296880,+30-210-4296880,+30-210-4296885,+30-210-4296885,108523,108523,Afroditis 24 - Piraeus,Afroditis 24 - Piraeus,null,null,null,null,null,null,Piraeus,Piraeus,null,null,GREECE,GREECE,null,null,Test Case Passed
1260,1260,7035,7035,108147,108147,773B75B5-2AFB-E911-A813-000D3A86AA92,773b75b5-2afb-e911-a813-000d3a86aa92,WG Yachts,WG Yachts,null,null,null,null,null,null,null,null,WG Yachts,WG Yachts,richard@wgyachts.com,richard@wgyachts.com,01737 552885,01737 552885,null,null,108534,108534,9 Stagbury Close Chipstead Coulsdon Surrey CR5 3PH,9 Stagbury Close Chipstead Coulsdon Surrey CR5 3PH,null,null,null,null,null,null,Coulsdon,Coulsdon,null,null,UNITED KINGDOM,UNITED KINGDOM,null,null,Test Case Passed
1258,1258,7033,7033,108042,108042,D4CC7968-E8F7-E911-A813-000D3A86A3F8,d4cc7968-e8f7-e911-a813-000d3a86a3f8,test1,test1,null,null,null,null,null,null,null,null,test1,test1,null,null,null,null,null,null,108428,108428,test1address,test1address,null,null,null,null,null,null,Birmingham,Birmingham,null,null,UNITED KINGDOM,UNITED KINGDOM,null,null,Test Case Passed
1257,1257,6244,6244,108019,108019,763BEEBB-13F7-E911-A813-000D3A86AD30,763beebb-13f7-e911-a813-000d3a86ad30,MCGILL AND PARTNERS LTD,MCGILL AND PARTNERS LTD,,,null,null,null,null,null,null,MCGILL AND PARTNERS LTD,MCGILL AND PARTNERS LTD,info@mcgillpartners.com,info@mcgillpartners.com,020 3985 1803,020 3985 1803,,,108405,108405,Suite 806 Lloyd's,Suite 806 Lloyd's,1 Lime Street,1 Lime Street,,,,,London,London,,,UNITED KINGDOM,UNITED KINGDOM,EC3M 7HA,EC3M 7HA,Test Case Passed
1256,1256,6243,6243,107795,107795,C2B61812-EAF0-E911-A812-000D3A86AA92,c2b61812-eaf0-e911-a812-000d3a86aa92,EVMAR MARINE SERVICES LTD,EVMAR MARINE SERVICES LTD,,,null,null,null,null,null,null,EVMAR MARINE SERVICES LTD,EVMAR MARINE SERVICES LTD,marine@evmar.gr,marine@evmar.gr,00302104284900,00302104284900,00302104284977,00302104284977,108171,108171,2 DEFTERAS MERARCHIAS STR,2 DEFTERAS MERARCHIAS STR,,,,,,,PIRAEUS,PIRAEUS,,,GREECE,GREECE,18535,18535,Test Case Passed
1255,1255,6242,6242,107783,107783,D3754FA7-C3F0-E911-A812-000D3A86A3F8,d3754fa7-c3f0-e911-a812-000d3a86a3f8,PT Dritama Brokerindo,PT Dritama Brokerindo,,,null,null,null,null,null,null,PT Dritama Brokerindo,PT Dritama Brokerindo,Henry.wong@dritama.co.id,Henry.wong@dritama.co.id,62-21-4701272/73,62-21-4701272/73,62-21-4701262,62-21-4701262,108159,108159,Kompleks Perkantoran Puloma Blok XI No. 2,Kompleks Perkantoran Puloma Blok XI No. 2,Jalan Perintis Kemerdekaan,Jalan Perintis Kemerdekaan,,,,,Jakarta Timur,Jakarta Timur,,,INDONESIA,INDONESIA,13260,13260,Test Case Passed
1253,1253,6241,6241,107719,107719,988034F2-28EF-E911-A812-000D3A86A945,988034f2-28ef-e911-a812-000d3a86a945,Risk Broking Pty Ltd,Risk Broking Pty Ltd,,,null,null,null,null,null,null,Risk Broking Pty Ltd,Risk Broking Pty Ltd,info@riskbroking.com.au,info@riskbroking.com.au,(08)82322311,(08)82322311,,,108090,108090,Level 2/86 Pirie Street,Level 2/86 Pirie Street,,,,,,,Adelaide,Adelaide,South Australia,South Australia,AUSTRALIA,AUSTRALIA,,,Test Case Passed
1254,1254,6240,6240,107775,107775,4DAD3C2A-27F0-E911-A812-000D3A86AD30,4dad3c2a-27f0-e911-a812-000d3a86ad30,VANGMAR INSCE BROKERS LTD,VANGMAR INSCE BROKERS LTD,,,null,null,null,null,null,null,VANGMAR INSCE BROKERS LTD,VANGMAR INSCE BROKERS LTD,INFO@VANGMAR.COM,INFO@VANGMAR.COM,+302104292020,+302104292020,+302104292224,+302104292224,108149,108149,9 FILELLINON STREET,9 FILELLINON STREET,,,,,,,PIRAEUS,PIRAEUS,,,GREECE,GREECE,18536,18536,Test Case Passed
1252,1252,6239,6239,107562,107562,D937A2C9-A3E9-E911-A812-000D3A86A3F8,d937a2c9-a3e9-e911-a812-000d3a86a3f8,Austbrokers BGA,Austbrokers BGA,,,null,null,null,null,null,null,Austbrokers BGA,Austbrokers BGA,brokers@bgabrokers.com.au,brokers@bgabrokers.com.au,0362781526,0362781526,0362286959,0362286959,107925,107925,PO Box 276,PO Box 276,Moonah,Moonah,,,,,Tasmania,Tasmania,,,AUSTRALIA,AUSTRALIA,7009,7009,Test Case Passed
1250,1250,6237,6237,107288,107288,B1225FFC-3DE0-E911-A813-000D3A86A945,b1225ffc-3de0-e911-a813-000d3a86a945,Schill Insurance Brokers,Schill Insurance Brokers,,,null,null,null,null,null,null,Schill Insurance Brokers,Schill Insurance Brokers,kschill@schillinsurance.com,kschill@schillinsurance.com,6045854445,6045854445,6045851985,6045851985,107636,107636,Schill Insurance Brokers Ltd,Schill Insurance Brokers Ltd,302-15127 100 Avenue,302-15127 100 Avenue,,,,,Surrey,Surrey,British Columbia,British Columbia,CANADA,CANADA,BC V3F 0NG,BC V3F 0NG,Test Case Passed
1249,1249,6236,6236,107243,107243,DCB3D1D4-E2DE-E911-A813-000D3A86AD30,dcb3d1d4-e2de-e911-a813-000d3a86ad30,Insurnet SL Correduria de Seguros,Insurnet SL Correduria de Seguros,,,null,null,null,null,null,null,Insurnet SL Correduria de Seguros,Insurnet SL Correduria de Seguros,rafalacasa@insurnet.es,rafalacasa@insurnet.es,+34696522650,+34696522650,,,107591,107591,Via Sindicato 69 - 7 1,Via Sindicato 69 - 7 1,,,,,,,Palma de Mallorca,Palma de Mallorca,,,SPAIN,SPAIN,07002,07002,Test Case Passed
1251,1251,6235,6235,107430,107430,0E35C6FD-14E5-E911-A813-000D3A86A3F8,0e35c6fd-14e5-e911-a813-000d3a86a3f8,Forsyth and Nash Insurance Brokers,Forsyth and Nash Insurance Brokers,,,null,null,null,null,null,null,Forsyth and Nash Insurance Brokers,Forsyth and Nash Insurance Brokers,,,,,,,107782,107782,Post Net Suite 172,Post Net Suite 172,Private Box X16,Private Box X16,,,,,Constantia,Constantia,,,SOUTH AFRICA,SOUTH AFRICA,7848,7848,Test Case Passed
1248,1248,6234,6234,107222,107222,E493AA3A-B6DE-E911-A813-000D3A86AC4E,e493aa3a-b6de-e911-a813-000d3a86ac4e,Griffiths & Armour Global Risks Limited,Griffiths & Armour Global Risks Limited,,,null,null,null,null,null,null,Griffiths & Armour Global Risks Limited,Griffiths & Armour Global Risks Limited,sswainbank@griffithsandarmour.com,sswainbank@griffithsandarmour.com,02070901106,02070901106,,,107570,107570,One America Square,One America Square,17 Crosswall,17 Crosswall,,,,,London,London,,,UNITED KINGDOM,UNITED KINGDOM,EC3N 2AD,EC3N 2AD,Test Case Passed
1247,1247,6233,6233,107182,107182,5A6E4A66-E4DD-E911-A813-000D3A86A8CF,5a6e4a66-e4dd-e911-a813-000d3a86a8cf,Austbrokers City State Pty Ltd,Austbrokers City State Pty Ltd,,,null,null,null,null,null,null,Austbrokers City State Pty Ltd,Austbrokers City State Pty Ltd,Info@abcitystate.com.au,Info@abcitystate.com.au,02 4297 1800,02 4297 1800,02 4297 1400,02 4297 1400,107520,107520,PO Box 870,PO Box 870,,,,,,,Wollongong NSW,Wollongong NSW,,,AUSTRALIA,AUSTRALIA,2520,2520,Test Case Passed
1246,1246,6232,6232,107020,107020,4BC0BD6D-85D8-E911-A814-000D3A86AA92,4bc0bd6d-85d8-e911-a814-000d3a86aa92,Siaci Saint Honore,Siaci Saint Honore,,,null,null,null,null,null,null,Siaci Saint Honore,Siaci Saint Honore,alain.folliot@cap-marine.com,alain.folliot@cap-marine.com,,,,,107356,107356,Espace Leader rue Gustave Eiffel,Espace Leader rue Gustave Eiffel,,,,,,,76235 Bois-Guillaume,76235 Bois-Guillaume,,,FRANCE,FRANCE,,,Test Case Passed
1245,1245,6231,6231,107018,107018,782C99D9-84D8-E911-A813-000D3A86A945,782c99d9-84d8-e911-a813-000d3a86a945,Siaci Saint Honore,Siaci Saint Honore,,,null,null,null,null,null,null,Siaci Saint Honore,Siaci Saint Honore,nicolas.roux@cap-marine.com,nicolas.roux@cap-marine.com,,,,,107354,107354,Season 39 rue Mstislav Rostropovitch,Season 39 rue Mstislav Rostropovitch,,,,,,,75815 Paris Cedex 17,75815 Paris Cedex 17,,,FRANCE,FRANCE,,,Test Case Passed
1244,1244,6230,6230,107016,107016,DD79F8AD-84D8-E911-A813-000D3A86AD30,dd79f8ad-84d8-e911-a813-000d3a86ad30,Siaci Saint Honore,Siaci Saint Honore,,,null,null,null,null,null,null,Siaci Saint Honore,Siaci Saint Honore,nicolas.loyer@cap-marine.com,nicolas.loyer@cap-marine.com,,,,,107352,107352,6 Rue Rene Viviani,6 Rue Rene Viviani,,,,,,,44200 Nantes,44200 Nantes,,,FRANCE,FRANCE,,,Test Case Passed
1242,1242,6229,6229,106819,106819,5B0490F1-E4D2-E911-A813-000D3A86A3F8,5b0490f1-e4d2-e911-a813-000d3a86a3f8,Integro USA Inc.,Integro USA Inc.,,,null,null,null,null,null,null,Integro USA Inc.,Integro USA Inc.,,,+1 212 295 8535,+1 212 295 8535,,,107147,107147,1 State Street,1 State Street,,,,,,,New York,New York,New York,New York,UNITED STATES OF AMERICA,UNITED STATES OF AMERICA,10005,10005,Test Case Passed
1243,1243,6228,6228,106861,106861,D462AEA7-A4D3-E911-A813-000D3A86AC4E,d462aea7-a4d3-e911-a813-000d3a86ac4e,Tymar (WA) Pty Ltd T/as Zenith Insurance Services,Tymar (WA) Pty Ltd T/as Zenith Insurance Services,,,null,null,null,null,null,null,Tymar (WA) Pty Ltd T/as Zenith Insurance Services,Tymar (WA) Pty Ltd T/as Zenith Insurance Services,,,,,,,107192,107192,PO Box 121,PO Box 121,Osborne Park,Osborne Park,,,,,Western Australia,Western Australia,,,AUSTRALIA,AUSTRALIA,6917,6917,Test Case Passed
1241,1241,6227,6227,106667,106667,124FFCD6-FDCE-E911-A813-000D3A86AC4E,124ffcd6-fdce-e911-a813-000d3a86ac4e,Acumen Insurance Pty Ltd,Acumen Insurance Pty Ltd,,,null,null,null,null,null,null,Acumen Insurance Pty Ltd,Acumen Insurance Pty Ltd,simon@acumeninsurance.com.au,simon@acumeninsurance.com.au,+61 02 82093488,+61 02 82093488,,,106993,106993,PO Box 1755 Chatswood,PO Box 1755 Chatswood,,,,,,,NSW 2057,NSW 2057,,,AUSTRALIA,AUSTRALIA,,,Test Case Passed
1239,1239,6226,6226,106531,106531,2B277EE2-4DCA-E911-A812-000D3A86AC4E,2b277ee2-4dca-e911-a812-000d3a86ac4e,Willis Towers Watson Sigorta Ve Reasurans Broker,Willis Towers Watson Sigorta Ve Reasurans Broker,,,null,null,null,null,null,null,Willis Towers Watson Sigorta Ve Reasurans Broker,Willis Towers Watson Sigorta Ve Reasurans Broker,ozdal.dalokay@willistowerswatson.com,ozdal.dalokay@willistowerswatson.com,+905396621004,+905396621004,,,106854,106854,Astoria A Kule Kat 4,Astoria A Kule Kat 4,Esentepe,Esentepe,Buyukdere Caddesi No 127,Buyukdere Caddesi No 127,,,Istanbul,Istanbul,,,TURKEY,TURKEY,34394,34394,Test Case Passed
1240,1240,6225,6225,106534,106534,6F3D87F4-4ECA-E911-A812-000D3A86A3F8,6f3d87f4-4eca-e911-a812-000d3a86a3f8,Charlie Chan Capital Partners Pte Ltd,Charlie Chan Capital Partners Pte Ltd,,,null,null,null,null,null,null,Charlie Chan Capital Partners Pte Ltd,Charlie Chan Capital Partners Pte Ltd,,,,,,,106857,106857,2 Ewart Park,2 Ewart Park,,,,,,,Singapore,Singapore,,,SINGAPORE REPUBLIC OF,SINGAPORE REPUBLIC OF,279729,279729,Test Case Passed
1238,1238,6223,6223,106123,106123,CCA0FA3F-98C2-E911-A992-0022480053E9,cca0fa3f-98c2-e911-a992-0022480053e9,IIZI Kindlustusmaakler AS,IIZI Kindlustusmaakler AS,,,null,null,null,null,null,null,IIZI Kindlustusmaakler AS,IIZI Kindlustusmaakler AS,igor.fedotov@iizi.ee,igor.fedotov@iizi.ee,+3725129424,+3725129424,,,106442,106442,Harju Maakond ,Harju Maakond ,Pohja-Tallinna Iinnaosa,Pohja-Tallinna Iinnaosa,Telliskivi tn 60/2,Telliskivi tn 60/2,,,Tallinn,Tallinn,,,ESTONIA REPUBLIC OF,ESTONIA REPUBLIC OF,10412,10412,Test Case Passed
1236,1236,6222,6222,105787,105787,CDE6946A-4CB8-E911-A992-0022480053E9,cde6946a-4cb8-e911-a992-0022480053e9,BM Property sp.z o.o.,BM Property sp.z o.o.,,,null,null,null,null,null,null,BM Property sp.z o.o.,BM Property sp.z o.o.,,,,,,,106100,106100,BM Property ,BM Property ,Haffnera 6,Haffnera 6,,,,,81-717 Sopot,81-717 Sopot,,,POLAND,POLAND,,,Test Case Passed
1233,1233,6221,6221,105690,105690,C3CF21DE-03B5-E911-A992-0022480050C6,c3cf21de-03b5-e911-a992-0022480050c6,Sri Lanka Insurance Corporation Ltd,Sri Lanka Insurance Corporation Ltd,null,null,null,null,null,null,null,null,Sri Lanka Insurance Corporation Ltd,Sri Lanka Insurance Corporation Ltd,sumithr@srilankainsurance.com,sumithr@srilankainsurance.com,+94 11 235 7941,+94 11 235 7941,+94 11 2382335,+94 11 2382335,105997,105997,21 Vauxhall Street,21 Vauxhall Street,,,,,,,Colombo - 02,Colombo - 02,,,SRI LANKA,SRI LANKA,,,Test Case Passed
1234,1234,6220,6220,105752,105752,AB7B858A-6AB4-E911-A992-002248005D88,ab7b858a-6ab4-e911-a992-002248005d88,Hub Montreal,Hub Montreal,null,null,null,null,null,null,null,null,Hub Montreal,Hub Montreal,,,,,,,106063,106063,HUB International Quebec Limited,HUB International Quebec Limited,1010 rue Sherbrooke Ouest,1010 rue Sherbrooke Ouest,,,,,Montreal,Montreal,Quebec,Quebec,CANADA,CANADA,QC H3A 2R7,QC H3A 2R7,Test Case Passed
1231,1231,6219,6219,105649,105649,005D5721-52B4-E911-A992-002248005D88,005d5721-52b4-e911-a992-002248005d88,McGowan Corporate Solutions,McGowan Corporate Solutions,,,null,null,null,null,null,null,McGowan Corporate Solutions,McGowan Corporate Solutions,craig@mcgowancorp.co.uk,craig@mcgowancorp.co.uk,01428 661950,01428 661950,01428 661949,01428 661949,105956,105956,Longdene House,Longdene House,Hedgehog Lane ,Hedgehog Lane ,,,,,Haslemere,Haslemere,,,UNITED KINGDOM,UNITED KINGDOM,GU27 2PH,GU27 2PH,Test Case Passed
1232,1232,6218,6218,105671,105671,68F9F207-43B4-E911-A995-0022480042B3,68f9f207-43b4-e911-a995-0022480042b3,Sri Lanka Insurance Corporation Ltd,Sri Lanka Insurance Corporation Ltd,null,null,null,null,null,null,null,null,Sri Lanka Insurance Corporation Ltd,Sri Lanka Insurance Corporation Ltd,,,,,,,105978,105978,21 Vauxhall Street Colombo 02,21 Vauxhall Street Colombo 02,,,,,,,Colombo,Colombo,,,SRI LANKA,SRI LANKA,,,Test Case Passed
1235,1235,6217,6217,105759,105759,53588421-FF1B-EA11-A811-000D3A86A8CF,53588421-ff1b-ea11-a811-000d3a86a8cf,Armstrong’s Insurance Brokers Pty Ltd,Armstrong’s Insurance Brokers Pty Ltd,null,null,null,null,null,null,null,null,Armstrong’s Insurance Brokers Pty Ltd,Armstrong’s Insurance Brokers Pty Ltd,office@armstrongs.net.au,office@armstrongs.net.au,03 63315455,03 63315455,03 63315488,03 63315488,106070,106070,47 Cameron Street,47 Cameron Street,Launceston,Launceston,,,,,Tasmania 7250,Tasmania 7250,,,AUSTRALIA,AUSTRALIA,,,Test Case Passed
1286,1286,6217,6217,112362,112362,41996B78-41B4-E911-A995-0022480042B3,41996b78-41b4-e911-a995-0022480042b3,Armstrong’s Insurance Brokers Pty Ltd,Armstrong’s Insurance Brokers Pty Ltd,null,null,null,null,null,null,null,null,Armstrong’s Insurance Brokers Pty Ltd,Armstrong’s Insurance Brokers Pty Ltd,office@armstrongs.net.au,office@armstrongs.net.au,03 63315455,03 63315455,03 63315488,03 63315488,112776,112776,47 Cameron Street,47 Cameron Street,Launceston,Launceston,null,null,null,null,Tasmania 7250,Tasmania 7250,null,null,AUSTRALIA,AUSTRALIA,null,null,Test Case Passed
1229,1229,6216,6216,105467,105467,C4BDC679-BBAE-E911-A992-0022480053E9,c4bdc679-bbae-e911-a992-0022480053e9,Cambiaso Risso Asia Pte Ltd,Cambiaso Risso Asia Pte Ltd,null,null,null,null,null,null,null,null,Cambiaso Risso Asia Pte Ltd,Cambiaso Risso Asia Pte Ltd,marco.daini@cambiasorisso.com,marco.daini@cambiasorisso.com,+65 6586 1164,+65 6586 1164,+65 6491 6591,+65 6491 6591,79010,79010,6 Battery Road,6 Battery Road,#34-01,#34-01,,,,,Singapore,Singapore,,,SINGAPORE REPUBLIC OF,SINGAPORE REPUBLIC OF,049909,049909,Test Case Passed
1228,1228,6215,6215,105393,105393,DB56776E-F8AD-E911-A995-0022480042B3,db56776e-f8ad-e911-a995-0022480042b3,MARCH RISK SOLUTIONSCORREDURIA DE SEGUROS Y REASEGUROS S.A.U,MARCH RISK SOLUTIONSCORREDURIA DE SEGUROS Y REASEGUROS S.A.U,,,null,null,null,null,null,null,MARCH RISK SOLUTIONSCORREDURIA DE SEGUROS Y REASEGUROS S.A.U,MARCH RISK SOLUTIONSCORREDURIA DE SEGUROS Y REASEGUROS S.A.U,cdelcampo@march-rs.es,cdelcampo@march-rs.es,+34917811499,+34917811499,,,105699,105699,Calle de Lagasca 88 2a ,Calle de Lagasca 88 2a ,,,,,,,Madrid ,Madrid ,,,SPAIN,SPAIN,28001,28001,Test Case Passed
1227,1227,6214,6214,105387,105387,1EE0F0C9-F4AD-E911-A992-0022480053E9,1ee0f0c9-f4ad-e911-a992-0022480053e9,Circle Marine Insurance Services ,Circle Marine Insurance Services ,,,null,null,null,null,null,null,Circle Marine Insurance Services ,Circle Marine Insurance Services ,alex.hoole@circlemarine.co.uk,alex.hoole@circlemarine.co.uk,02380011858,02380011858,,,105693,105693,The White Building Suite 1,The White Building Suite 1,1-4 Cumberland Place,1-4 Cumberland Place,Southampton,Southampton,,,Hampshire,Hampshire,,,UNITED KINGDOM,UNITED KINGDOM,SO15 2NP,SO15 2NP,Test Case Passed
1225,1225,6212,6212,105321,105321,31C138F3-63AC-E911-A992-002248005D88,31c138f3-63ac-e911-a992-002248005d88,SMP (Sanctions Cases),SMP (Sanctions Cases),,,null,null,null,null,null,null,SMP (Sanctions Cases),SMP (Sanctions Cases),,,,,,,105627,105627,The Shipowners' Protection Limited,The Shipowners' Protection Limited,White Chapel Building,White Chapel Building,10 Whitechapel High Street,10 Whitechapel High Street,2nd Floor,2nd Floor,London,London,,,UNITED KINGDOM,UNITED KINGDOM,E1 8QQ,E1 8QQ,Test Case Passed
1230,1230,6210,6210,105527,105527,BC61BCB9-40A9-E911-A994-0022480042B3,bc61bcb9-40a9-e911-a994-0022480042b3,Rainbow Coast Insurance Brokers,Rainbow Coast Insurance Brokers,null,null,null,null,null,null,null,null,Rainbow Coast Insurance Brokers,Rainbow Coast Insurance Brokers,rayna_robinson@rcib.com.au,rayna_robinson@rcib.com.au,+61 8 9841 8577,+61 8 9841 8577,,,105832,105832,31 Collie Street ,31 Collie Street ,,,,,,,Albany,Albany,Western Australia,Western Australia,AUSTRALIA,AUSTRALIA,6330,6330,Test Case Passed
1224,1224,6209,6209,105165,105165,0EDEE6F0-ABA7-E911-A990-00224800510B,0edee6f0-aba7-e911-a990-00224800510b,JMD Ross Insurance Brokers Pty Ltd,JMD Ross Insurance Brokers Pty Ltd,,,null,null,null,null,null,null,JMD Ross Insurance Brokers Pty Ltd,JMD Ross Insurance Brokers Pty Ltd,mshearer@jmdross.com.au,mshearer@jmdross.com.au,+61 02 9478 0824,+61 02 9478 0824,+61 02 9906 1199,+61 02 9906 1199,105466,105466,Level 6 1 Chandos Street,Level 6 1 Chandos Street,St Leonards,St Leonards,,,,,Sydney,Sydney,New South Wales,New South Wales,AUSTRALIA,AUSTRALIA,2065,2065,Test Case Passed
1223,1223,6207,6207,104863,104863,A990C3E0-099F-E911-A98E-0022480056F9,a990c3e0-099f-e911-a98e-0022480056f9,PWS Labuan Ltd,PWS Labuan Ltd,,,null,null,null,null,null,null,PWS Labuan Ltd,PWS Labuan Ltd,shahira@pwslabuan.com,shahira@pwslabuan.com,+603 2287 7828 ,+603 2287 7828 ,+603 2287 7829,+603 2287 7829,105140,105140,A-27-6 Level 27 Menara UOA Bangsar,A-27-6 Level 27 Menara UOA Bangsar,No. 5 Jalan Bangsar Utama 1,No. 5 Jalan Bangsar Utama 1,,,,,Kuala Lumpur,Kuala Lumpur,,,MALAYSIA,MALAYSIA,59000,59000,Test Case Passed
1226,1226,6206,6206,105386,105386,519FD4C0-05B5-E911-A992-00224800510B,519fd4c0-05b5-e911-a992-00224800510b,3 Dimensional Insurance Ltd,3 Dimensional Insurance Ltd,null,null,null,null,null,null,null,null,3 Dimensional Insurance Ltd,3 Dimensional Insurance Ltd,alexandra.vera@3diltd.co.uk,alexandra.vera@3diltd.co.uk,,,,,105692,105692,Warlies Park House,Warlies Park House,Horseshoe Hill,Horseshoe Hill,,,,,Essex,Essex,,,UNITED KINGDOM,UNITED KINGDOM,EN9 3SL,EN9 3SL,Test Case Passed
1287,1287,6206,6206,112366,112366,AD222B91-489E-E911-A98F-002248005D88,ad222b91-489e-e911-a98f-002248005d88,3 Dimensional Insurance Ltd,3 Dimensional Insurance Ltd,null,null,null,null,null,null,null,null,3 Dimensional Insurance Ltd,3 Dimensional Insurance Ltd,Haydn.hertz@3diltd.co.uk,Haydn.hertz@3diltd.co.uk,07974083712,07974083712,null,null,112780,112780,Warlies Park House,Warlies Park House,Horseshoe Hill,Horseshoe Hill,null,null,null,null,Waltham Abbey,Waltham Abbey,Essex,Essex,UNITED KINGDOM,UNITED KINGDOM,EN9 3SL,EN9 3SL,Test Case Passed
1221,1221,6205,6205,104545,104545,51C82B1D-2797-E911-A98E-0022480056F9,51c82b1d-2797-e911-a98e-0022480056f9,Knightcorp Insurance Brokers,Knightcorp Insurance Brokers,,,null,null,null,null,null,null,Knightcorp Insurance Brokers,Knightcorp Insurance Brokers,insurance@knightcorp.net.au,insurance@knightcorp.net.au,61 8 9389 7372,61 8 9389 7372,,,104808,104808,Level 7,Level 7,5 Mill Street,5 Mill Street,,,,,Perth ,Perth ,WA,WA,AUSTRALIA,AUSTRALIA,6000,6000,Test Case Passed
1219,1219,6204,6204,104392,104392,9C989E72-7392-E911-A98E-0022480056F9,9c989e72-7392-e911-a98e-0022480056f9,BIB INSURANCE BROKERS SDN BHD,BIB INSURANCE BROKERS SDN BHD,,,null,null,null,null,null,null,BIB INSURANCE BROKERS SDN BHD,BIB INSURANCE BROKERS SDN BHD,creditcontrol@bib.com.my,creditcontrol@bib.com.my,603 9078 2480,603 9078 2480,60.3 9078 2485,60.3 9078 2485,104652,104652,LOT 05.01 LEVEL 5,LOT 05.01 LEVEL 5,WISMA HONG LEONG,WISMA HONG LEONG,NO. 18 JALAN PERAK,NO. 18 JALAN PERAK,,,50450 KL,50450 KL,,,MALAYSIA,MALAYSIA,,,Test Case Passed
1216,1216,6202,6202,104271,104271,733280E9-958E-E911-A98E-002248005D88,733280e9-958e-e911-a98e-002248005d88,Pioneer Insurance & Reinsurance Brokers Pvt Ltd,Pioneer Insurance & Reinsurance Brokers Pvt Ltd,,,null,null,null,null,null,null,Pioneer Insurance & Reinsurance Brokers Pvt Ltd,Pioneer Insurance & Reinsurance Brokers Pvt Ltd,gsharma@pincinsure.com,gsharma@pincinsure.com,912266188548,912266188548,,,104526,104526,1219 Maker Chambers-V,1219 Maker Chambers-V,Nariman Point,Nariman Point,,,,,Mumbai,Mumbai,,,INDIA,INDIA,400021,400021,Test Case Passed
1215,1215,6201,6201,104225,104225,41D71FFC-C08D-E911-A992-0022480042B3,41d71ffc-c08d-e911-a992-0022480042b3,Hub International Ontario,Hub International Ontario,,,null,null,null,null,null,null,Hub International Ontario,Hub International Ontario,,,,,,,104480,104480,HUB International Ontario Limited,HUB International Ontario Limited,595 Bay Street Suite 900,595 Bay Street Suite 900,,,,,Toronto,Toronto,Ontario,Ontario,CANADA,CANADA,M5G 2E3,M5G 2E3,Test Case Passed
1217,1217,6200,6200,104274,104274,D3ED9E57-968E-E911-A98E-002248005D88,d3ed9e57-968e-e911-a98e-002248005d88,Craig Stansfield Ltd T/A CS Insurance Brokers,Craig Stansfield Ltd T/A CS Insurance Brokers,,,null,null,null,null,null,null,Craig Stansfield Ltd T/A CS Insurance Brokers,Craig Stansfield Ltd T/A CS Insurance Brokers,ag@csinsurance.london,ag@csinsurance.london,02039629971,02039629971,,,104529,104529,6th Floor Dukes House ,6th Floor Dukes House ,32-38 Dukes Place ,32-38 Dukes Place ,,,,,London,London,,,UNITED KINGDOM,UNITED KINGDOM,EC3A 7LP,EC3A 7LP,Test Case Passed
1222,1222,6199,6199,104663,104663,B97B8435-8499-E911-A98F-002248005D88,b97b8435-8499-e911-a98f-002248005d88,E Tay & Associates Sdn Bhd,E Tay & Associates Sdn Bhd,,,null,null,null,null,null,null,E Tay & Associates Sdn Bhd,E Tay & Associates Sdn Bhd,edward@etay.net,edward@etay.net,,,,,104939,104939,Unit 22-02 Level 22,Unit 22-02 Level 22,Menara Zurich,Menara Zurich,15 Jalan Dato Abdullah Tahir,15 Jalan Dato Abdullah Tahir,,,Johor Bahru,Johor Bahru,,,MALAYSIA,MALAYSIA,80300,80300,Test Case Passed
1213,1213,6197,6197,104074,104074,CF9448B3-3B88-E911-A992-0022480042B3,cf9448b3-3b88-e911-a992-0022480042b3,CR Orion,CR Orion,,,null,null,null,null,null,null,CR Orion,CR Orion,nick.little@crorion.com,nick.little@crorion.com,0097143697287,0097143697287,,,104328,104328,2301 Fortune Executive Tower ,2301 Fortune Executive Tower ,JLT,JLT,PO Box 309118 ,PO Box 309118 ,,,Dubai,Dubai,,,UNITED ARAB EMIRATES,UNITED ARAB EMIRATES,,,Test Case Passed
1214,1214,6196,6196,104076,104076,5CA14761-3F88-E911-A98F-0022480053E9,5ca14761-3f88-e911-a98f-0022480053e9,Shangri-La Hotel Public Company Ltd,Shangri-La Hotel Public Company Ltd,,,null,null,null,null,null,null,Shangri-La Hotel Public Company Ltd,Shangri-La Hotel Public Company Ltd,,,,,,,104330,104330,89 Soi Wat Suan Plu New Road Bangrak,89 Soi Wat Suan Plu New Road Bangrak,,,,,,,Bangkok,Bangkok,,,THAILAND,THAILAND,10500,10500,Test Case Passed
1212,1212,6195,6195,103939,103939,8A94C1AB-AA83-E911-A98D-0022480053E9,8a94c1ab-aa83-e911-a98d-0022480053e9,HdB Srl,HdB Srl,,,null,null,null,null,null,null,HdB Srl,HdB Srl,,,,,,,104178,104178,Via Roma 6/10,Via Roma 6/10,16121,16121,,,,,Genova,Genova,,,ITALY,ITALY,,,Test Case Passed
1211,1211,6194,6194,103901,103901,8ADB49C6-DE82-E911-A98B-0022480056F9,8adb49c6-de82-e911-a98b-0022480056f9,Sparaxis Pty Ltd t/as CentreWest Insurance Broker ,Sparaxis Pty Ltd t/as CentreWest Insurance Broker ,,,null,null,null,null,null,null,Sparaxis Pty Ltd t/as CentreWest Insurance Broker ,Sparaxis Pty Ltd t/as CentreWest Insurance Broker ,enquiries@centrewest.com.au,enquiries@centrewest.com.au,61893497900,61893497900,61893497677,61893497677,104140,104140,Centrewest Insurance Broker ,Centrewest Insurance Broker ,PO box 636,PO box 636,,,,,Balcatta WA,Balcatta WA,,,AUSTRALIA,AUSTRALIA,6914,6914,Test Case Passed
1210,1210,6193,6193,103805,103805,688115D4-5D81-E911-A98C-00224800510B,688115d4-5d81-e911-a98c-00224800510b,PT Adonai Pialang Asuransi,PT Adonai Pialang Asuransi,,,null,null,null,null,null,null,PT Adonai Pialang Asuransi,PT Adonai Pialang Asuransi,aditya@adonai.co.id,aditya@adonai.co.id,628111562333,628111562333,,,104043,104043,Graha Adonai,Graha Adonai,Ruko Taman ,Ruko Taman ,Bougenville Estate Blok A,Bougenville Estate Blok A,No. 33-34 Jatibening ,No. 33-34 Jatibening ,Kalimalang Bekasi,Kalimalang Bekasi,,,INDONESIA,INDONESIA,,,Test Case Passed
1209,1209,6192,6192,103787,103787,BE8B25C9-1F81-E911-A990-0022480042B3,be8b25c9-1f81-e911-a990-0022480042b3,Principal Re Limited,Principal Re Limited,,,null,null,null,null,null,null,Principal Re Limited,Principal Re Limited,amalia@principalrelimited.com,amalia@principalrelimited.com,60378319859,60378319859,60378314859,60378314859,104025,104025,No. 7A Tingkat 1,No. 7A Tingkat 1,Jalan Juruwang B U1/B,Jalan Juruwang B U1/B,Laman Glenmarie,Laman Glenmarie,40150 Shah Alam,40150 Shah Alam,Selangor,Selangor,,,MALAYSIA,MALAYSIA,,,Test Case Passed
1218,1218,6191,6191,104356,104356,10FD6152-BA91-E911-A990-0022480053E9,10fd6152-ba91-e911-a990-0022480053e9,Marsh LLC Insurance Brokers,Marsh LLC Insurance Brokers,,,null,null,null,null,null,null,Marsh LLC Insurance Brokers,Marsh LLC Insurance Brokers,Nikolaos.Rekantzis@marsh.com,Nikolaos.Rekantzis@marsh.com,+30 210 8176 075,+30 210 8176 075,+30 210 8176 040,+30 210 8176 040,104615,104615,8-10 Sorou and Dimitsanas ,8-10 Sorou and Dimitsanas ,15125 Marousi,15125 Marousi,,,,,Athens,Athens,,,GREECE,GREECE,,,Test Case Passed
1208,1208,6190,6190,103588,103588,83833CFA-A17B-E911-A98D-0022480053E9,83833cfa-a17b-e911-a98d-0022480053e9,Lion Underwriting Pty Ltd,Lion Underwriting Pty Ltd,,,null,null,null,null,null,null,Lion Underwriting Pty Ltd,Lion Underwriting Pty Ltd,kurt@lionunderwriting.com.au,kurt@lionunderwriting.com.au,0280428200,0280428200,,,103819,103819,Unit 34 17 Carins Street,Unit 34 17 Carins Street,,,,,,,Loganholme,Loganholme,QLD,QLD,AUSTRALIA,AUSTRALIA,,,Test Case Passed
1207,1207,6188,6188,103413,103413,31EDE661-6176-E911-A990-0022480042B3,31ede661-6176-e911-a990-0022480042b3,CKRe Limited,CKRe Limited,,,null,null,null,null,null,null,CKRe Limited,CKRe Limited,amit.s@ckre.co.uk,amit.s@ckre.co.uk,+44 (0)20 7929 7017,+44 (0)20 7929 7017,,,103638,103638,1st Floor,1st Floor,10 Fenchurch Street,10 Fenchurch Street,,,,,London,London,,,UNITED KINGDOM,UNITED KINGDOM,EDC3M 3BE,EDC3M 3BE,Test Case Passed
1206,1206,6187,6187,103396,103396,1E754D6A-2976-E911-A98C-00224800510B,1e754d6a-2976-e911-a98c-00224800510b,Insurance Advisory Service (NSW) Pty Ltd,Insurance Advisory Service (NSW) Pty Ltd,,,null,null,null,null,null,null,Insurance Advisory Service (NSW) Pty Ltd,Insurance Advisory Service (NSW) Pty Ltd,info@insuranceadvisoryservice.com.au,info@insuranceadvisoryservice.com.au,0282682900,0282682900,0282682901,0282682901,103621,103621,PO Box 1073,PO Box 1073,,,,,,,North Sydney NSW 2060,North Sydney NSW 2060,,,AUSTRALIA,AUSTRALIA,,,Test Case Passed
1204,1204,6186,6186,103387,103387,2D14C17A-2576-E911-A98C-00224800510B,2d14c17a-2576-e911-a98c-00224800510b,ASCAIR GmbH,ASCAIR GmbH,,,null,null,null,null,null,null,ASCAIR GmbH,ASCAIR GmbH,info@ascair.de,info@ascair.de,+49 8856 80528,+49 8856 80528,+49 8856 80528-29,+49 8856 80528-29,103612,103612,Bahnhofstrasse 6,Bahnhofstrasse 6,,,,,,,Penzberg,Penzberg,,,GERMANY,GERMANY,82377,82377,Test Case Passed
1205,1205,6185,6185,103391,103391,E88F9EBE-2876-E911-A98C-00224800510B,e88f9ebe-2876-e911-a98c-00224800510b,Aelia Assurances SA,Aelia Assurances SA,,,null,null,null,null,null,null,Aelia Assurances SA,Aelia Assurances SA,Christelle.Labeyrie@Aelia-Assurances.CH,Christelle.Labeyrie@Aelia-Assurances.CH,+41 (0) 225 255 771,+41 (0) 225 255 771,,,103616,103616,Avenue Louis-Casai 18,Avenue Louis-Casai 18,,,,,,,Geneve,Geneve,,,SWITZERLAND,SWITZERLAND,1209,1209,Test Case Passed
1203,1203,6184,6184,102902,102902,E89BFA68-3068-E911-A98C-002248005D88,e89bfa68-3068-e911-a98c-002248005d88,Star Ins,Star Ins,,,null,null,null,null,null,null,Star Ins,Star Ins,,,,,,,103102,103102,Peyo Yavorov str. fl. 2 office 3,Peyo Yavorov str. fl. 2 office 3,,,,,,,Sofia,Sofia,,,BULGARIA,BULGARIA,130927224,130927224,Test Case Passed
1202,1202,6183,6183,102883,102883,7266343F-1368-E911-A98C-00224800510B,7266343f-1368-e911-a98c-00224800510b,TCC Company Limited,TCC Company Limited,,,null,null,null,null,null,null,TCC Company Limited,TCC Company Limited,,,,,,,103083,103083,175-177 Bangkok Union Insurance Building,175-177 Bangkok Union Insurance Building,4th Floor Unit 2 Surawongse Road,4th Floor Unit 2 Surawongse Road,Suriyawongse Bangrak,Suriyawongse Bangrak,,,Bangkok 10500,Bangkok 10500,,,THAILAND,THAILAND,,,Test Case Passed
1201,1201,6181,6181,102432,102432,CF3CFD50-A865-E911-A990-0022480042B3,cf3cfd50-a865-e911-a990-0022480042b3,Chartered Insurance Solutions Co Ltd,Chartered Insurance Solutions Co Ltd,,,null,null,null,null,null,null,Chartered Insurance Solutions Co Ltd,Chartered Insurance Solutions Co Ltd,c.sik@chartered.co.th,c.sik@chartered.co.th,+662 180 6789,+662 180 6789,+662 180 6798,+662 180 6798,102631,102631,Ari Hills 17/B Floor,Ari Hills 17/B Floor,No. 428 Phahonyothin Rd,No. 428 Phahonyothin Rd,,,,,Samsennai Phayathai Bangkok,Samsennai Phayathai Bangkok,,,THAILAND,THAILAND,10400,10400,Test Case Passed
1200,1200,6180,6180,102388,102388,036D4C82-E061-E911-A98C-00224800510B,036d4c82-e061-e911-a98c-00224800510b,Sector Associates Ltd,Sector Associates Ltd,,,null,null,null,null,null,null,Sector Associates Ltd,Sector Associates Ltd,,,,,,,102585,102585,GFI Teleware House,GFI Teleware House,,,,,,,THIRSK,THIRSK,,,UNITED KINGDOM,UNITED KINGDOM,YO7 3BX,YO7 3BX,Test Case Passed
1199,1199,6179,6179,102147,102147,0448FFBC-4D5C-E911-A98F-0022480042B3,0448ffbc-4d5c-e911-a98f-0022480042b3,Prosper Insurance Agents and Consultants Ltd,Prosper Insurance Agents and Consultants Ltd,,,null,null,null,null,null,null,Prosper Insurance Agents and Consultants Ltd,Prosper Insurance Agents and Consultants Ltd,prosper@cytanet.com.cy,prosper@cytanet.com.cy,0035799634119,0035799634119,,,102341,102341,36 G Averof Str. 6052,36 G Averof Str. 6052,,,,,,,Larnaca,Larnaca,,,CYPRUS,CYPRUS,,,Test Case Passed
1198,1198,6178,6178,101893,101893,B412A082-2856-E911-A98F-0022480042B3,b412a082-2856-e911-a98f-0022480042b3,ES Risks Limited,ES Risks Limited,,,null,null,null,null,null,null,ES Risks Limited,ES Risks Limited,david.seddon@esrisks.com,david.seddon@esrisks.com,02079775200,02079775200,,,102081,102081,2,2,America Square,America Square,,,,,London,London,,,UNITED KINGDOM,UNITED KINGDOM,EC3N 2LU,EC3N 2LU,Test Case Passed
1197,1197,6177,6177,101877,101877,118C94DA-1156-E911-A98A-00224800510B,118c94da-1156-e911-a98a-00224800510b,Northern Lloyd Insurance Services GmbH,Northern Lloyd Insurance Services GmbH,,,null,null,null,null,null,null,Northern Lloyd Insurance Services GmbH,Northern Lloyd Insurance Services GmbH,Ji.suh@northernlloyd.com,Ji.suh@northernlloyd.com,+49 421 59 60 65 17,+49 421 59 60 65 17,,,102065,102065,Herrlichkeit 4,Herrlichkeit 4,,,,,,,Bremen,Bremen,,,GERMANY,GERMANY,28199,28199,Test Case Passed
1196,1196,6176,6176,101621,101621,8C382FE7-4751-E911-A98B-002248005D88,8c382fe7-4751-e911-a98b-002248005d88,Ouest Assurances ,Ouest Assurances ,,,null,null,null,null,null,null,Ouest Assurances ,Ouest Assurances ,contact@ouest-assurances.fr,contact@ouest-assurances.fr,+33 (0)2 9982 5334,+33 (0)2 9982 5334,,,101800,101800,Ouest Assurances,Ouest Assurances,Immeuble Newquay,Immeuble Newquay,10 Avenue A. Conti,10 Avenue A. Conti,,,Saint-Nalo,Saint-Nalo,,,FRANCE,FRANCE,35400,35400,Test Case Passed
1195,1195,6175,6175,101603,101603,9FF2BB35-A950-E911-A98C-0022480053E9,9ff2bb35-a950-e911-a98c-0022480053e9,Olsare Ecuador S.A. Intermediario De Reaseguros,Olsare Ecuador S.A. Intermediario De Reaseguros,,,null,null,null,null,null,null,Olsare Ecuador S.A. Intermediario De Reaseguros,Olsare Ecuador S.A. Intermediario De Reaseguros,gidgsy.macias@olsare.com,gidgsy.macias@olsare.com,593-046014451,593-046014451,,,101782,101782,CDLA. BAHIA NORTE MZ,CDLA. BAHIA NORTE MZ,57 OLARE 2,57 OLARE 2,EDIFICIO SKY BUILDING ,EDIFICIO SKY BUILDING ,,,PISO 2 OFICINA 202,PISO 2 OFICINA 202,,,ECUADOR,ECUADOR,,,Test Case Passed
1194,1194,6174,6174,101350,101350,D6A14C98-1C4B-E911-A98A-00224800510B,d6a14c98-1c4b-e911-a98a-00224800510b,Marsh GmbH,Marsh GmbH,,,null,null,null,null,null,null,Marsh GmbH,Marsh GmbH,,,+49 (0)40376920,+49 (0)40376920,,,101523,101523,Neuer Dovenhof,Neuer Dovenhof,Brandstwiete 1,Brandstwiete 1,20457,20457,,,Hamburg,Hamburg,,,GERMANY,GERMANY,,,Test Case Passed
1193,1193,6173,6173,101311,101311,2A8C7E4D-664A-E911-A98C-0022480053E9,2a8c7e4d-664a-e911-a98c-0022480053e9,Rhodes Risk Advisors LLC,Rhodes Risk Advisors LLC,,,null,null,null,null,null,null,Rhodes Risk Advisors LLC,Rhodes Risk Advisors LLC,admin@rhodesra.com,admin@rhodesra.com,4049026428,4049026428,6786492106,6786492106,101484,101484,Rhodes Risk Advisors LLC,Rhodes Risk Advisors LLC,3340 Peachtree Road,3340 Peachtree Road,,,,,Atlanta,Atlanta,,,UNITED STATES OF AMERICA,UNITED STATES OF AMERICA,GA 30326,GA 30326,Test Case Passed
1192,1192,6171,6171,100942,100942,4EFC5E32-E543-E911-A989-002248005D88,4efc5e32-e543-e911-a989-002248005d88,Bruce Chiene Pty Ltd,Bruce Chiene Pty Ltd,,,null,null,null,null,null,null,Bruce Chiene Pty Ltd,Bruce Chiene Pty Ltd,chiene@brucechiene.com,chiene@brucechiene.com,+61 02 98682199,+61 02 98682199,+61 02 98682099,+61 02 98682099,101113,101113,Shop 21 74-76 Rawson Street,Shop 21 74-76 Rawson Street,,,,,,,Epping Sydney NSW,Epping Sydney NSW,,,AUSTRALIA,AUSTRALIA,2121,2121,Test Case Passed
1191,1191,6169,6169,100939,100939,EECFDFD5-E443-E911-A988-0022480056F9,eecfdfd5-e443-e911-a988-0022480056f9,PT. Pandi Indonesia,PT. Pandi Indonesia,,,null,null,null,null,null,null,PT. Pandi Indonesia,PT. Pandi Indonesia,pandiadm1@gmail.com,pandiadm1@gmail.com,+62 21 84303080,+62 21 84303080,,,101110,101110,Bukit Golf Riverside,Bukit Golf Riverside,Cibubur Ruko Centre Point,Cibubur Ruko Centre Point,Blok AA 4 No. 9,Blok AA 4 No. 9,Gunung Putri,Gunung Putri,Bogor 16963,Bogor 16963,,,INDONESIA,INDONESIA,,,Test Case Passed
1189,1189,6165,6165,100384,100384,55C0F60B-453B-E911-A987-0022480056F9,55c0f60b-453b-e911-a987-0022480056f9,Conseil et Gestion D'Assurance SAL (CGA),Conseil et Gestion D'Assurance SAL (CGA),,,null,null,null,null,null,null,Conseil et Gestion D'Assurance SAL (CGA),Conseil et Gestion D'Assurance SAL (CGA),management@cga-assurance.com,management@cga-assurance.com,009614715546,009614715546,,,100503,100503,POBOX: 16-5851 Ashafieh Beirut,POBOX: 16-5851 Ashafieh Beirut,,,,,,,Beirut,Beirut,,,LEBANON,LEBANON,,,Test Case Passed
1187,1187,6164,6164,100017,100017,645F7E21-EA35-E911-A986-0022480056F9,645f7e21-ea35-e911-a986-0022480056f9,Gras Savoye Insurance Broker LLC,Gras Savoye Insurance Broker LLC,,,null,null,null,null,null,null,Gras Savoye Insurance Broker LLC,Gras Savoye Insurance Broker LLC,contact@grassavoye.ae,contact@grassavoye.ae,97124451170,97124451170,97124451171,97124451171,100124,100124,Gras Savoye Gulf Insurance Broker LLC,Gras Savoye Gulf Insurance Broker LLC,Airport road,Airport road,Same bldg of NBK - national bank of kuwait,Same bldg of NBK - national bank of kuwait,,,Abu Dhabi,Abu Dhabi,,,UNITED ARAB EMIRATES,UNITED ARAB EMIRATES,,,Test Case Passed
1186,1186,6163,6163,100002,100002,8826702E-CE35-E911-A98C-0022480042B3,8826702e-ce35-e911-a98c-0022480042b3,Lockton Companies (Singapore) Pte Ltd.,Lockton Companies (Singapore) Pte Ltd.,,,null,null,null,null,null,null,Lockton Companies (Singapore) Pte Ltd.,Lockton Companies (Singapore) Pte Ltd.,sarogenei.k@asia.lockton.com,sarogenei.k@asia.lockton.com,+65 6221 1288,+65 6221 1288,+65 6225 0682,+65 6225 0682,100108,100108,6 Raffles Quay,6 Raffles Quay,#19-01,#19-01,,,,,Singapore 048580,Singapore 048580,,,SINGAPORE REPUBLIC OF,SINGAPORE REPUBLIC OF,,,Test Case Passed
